domain,final_url,status,technologies_found,technology_name,category,confidence,evidence_count,evidence_types,first_evidence,errors
100wwcstlw.org,https://100wwcstlw.org/,200,1,Cloudflare,CDN / Security,high,4,"cookie, header",cookie: __cf_bm,
11853prospecthill.com,https://11853prospecthill.com/,200,7,Google Tag Manager,Tag Manager,high,1,html_contains,html_contains: gtm-,
11853prospecthill.com,https://11853prospecthill.com/,200,7,Google Analytics,Analytics,high,1,script_url,script_url: googletagmanager.com/gtag/js,
11853prospecthill.com,https://11853prospecthill.com/,200,7,Meta Pixel,Marketing,high,1,html_contains,html_contains: fbq(,
11853prospecthill.com,https://11853prospecthill.com/,200,7,Cloudflare,CDN / Security,high,4,"cookie, header",cookie: __cf_bm,
11853prospecthill.com,https://11853prospecthill.com/,200,7,Bootstrap,CSS Framework,medium,1,dom_marker,"dom_marker: class=""container",
11853prospecthill.com,https://11853prospecthill.com/,200,7,jQuery,JavaScript Library,high,1,script_url,script_url: jquery.min.js,
11853prospecthill.com,https://11853prospecthill.com/,200,7,Magento,Ecommerce,high,1,html_contains,html_contains: mage-,
11thhourracing.org,https://11thhourracing.org/,200,8,WordPress,CMS,high,14,"script_url, stylesheet_url",script_url: wp-includes,
11thhourracing.org,https://11thhourracing.org/,200,8,Google Tag Manager,Tag Manager,high,1,html_contains,html_contains: gtm-,
11thhourracing.org,https://11thhourracing.org/,200,8,Mailchimp,Email Marketing,medium,2,html_contains,html_contains: list-manage.com,
11thhourracing.org,https://11thhourracing.org/,200,8,Cloudflare,CDN / Security,high,4,"cookie, header",cookie: __cf_bm,
11thhourracing.org,https://11thhourracing.org/,200,8,Bootstrap,CSS Framework,medium,5,dom_marker,"dom_marker: class=""container",
11thhourracing.org,https://11thhourracing.org/,200,8,jQuery,JavaScript Library,high,2,script_url,script_url: jquery.min.js,
11thhourracing.org,https://11thhourracing.org/,200,8,Magento,Ecommerce,high,1,html_contains,html_contains: mage-,
11thhourracing.org,https://11thhourracing.org/,200,8,Webpack,Build Tool,medium,1,html_contains,html_contains: webpackChunk,
1planettechnologies.weebly.com,https://1planettechnologies.weebly.com/,200,5,Weebly,CMS,high,16,"domain, script_url, stylesheet_url",domain: weebly.com,
1planettechnologies.weebly.com,https://1planettechnologies.weebly.com/,200,5,Cloudflare,CDN / Security,high,4,"cookie, header",cookie: __cf_bm,
1planettechnologies.weebly.com,https://1planettechnologies.weebly.com/,200,5,Bootstrap,CSS Framework,medium,3,dom_marker,"dom_marker: class=""container",
1planettechnologies.weebly.com,https://1planettechnologies.weebly.com/,200,5,jQuery,JavaScript Library,high,1,script_url,script_url: jquery.min.js,
1planettechnologies.weebly.com,https://1planettechnologies.weebly.com/,200,5,Magento,Ecommerce,high,1,html_contains,html_contains: mage-,
1stclairavewest.com,http://1stclairavewest.com/,409,1,Cloudflare,CDN / Security,high,2,header,header: cloudflare,
1stlocksheathscouts.org.uk,https://1stlocksheathscouts.org.uk/,403,1,Cloudflare,CDN / Security,high,3,"cookie, header",cookie: __cf_bm,
1ststopsupply.com,http://1ststopsupply.com/,409,1,Cloudflare,CDN / Security,high,2,header,header: cloudflare,
2-com.net,https://2-com.net/,200,6,Google Analytics,Analytics,high,2,"html_contains, script_url",script_url: googletagmanager.com/gtag/js,
2-com.net,https://2-com.net/,200,6,Cloudflare,CDN / Security,high,4,"cookie, header",cookie: __cf_bm,
2-com.net,https://2-com.net/,200,6,Bootstrap,CSS Framework,medium,6,dom_marker,"dom_marker: class=""container",
2-com.net,https://2-com.net/,200,6,reCAPTCHA,Security,high,1,script_url,script_url: google.com/recaptcha,
2-com.net,https://2-com.net/,200,6,Magento,Ecommerce,high,1,html_contains,html_contains: mage-,
2-com.net,https://2-com.net/,200,6,ASP.NET,Backend Framework,high,1,header,header: ASP.NET,
2020wealthadvisory.com,https://2020wealthadvisory.com/,200,4,WordPress,CMS,high,56,"meta_generator, script_url, stylesheet_url",script_url: wp-includes,
2020wealthadvisory.com,https://2020wealthadvisory.com/,200,4,Cloudflare,CDN / Security,high,4,"cookie, header",cookie: __cf_bm,
2020wealthadvisory.com,https://2020wealthadvisory.com/,200,4,jQuery,JavaScript Library,high,2,script_url,script_url: jquery.min.js,
2020wealthadvisory.com,https://2020wealthadvisory.com/,200,4,Magento,Ecommerce,high,1,html_contains,html_contains: mage-,
231selfstorage.com,https://231selfstorage.com/,200,4,WordPress,CMS,high,24,"script_url, stylesheet_url",script_url: wp-content,
231selfstorage.com,https://231selfstorage.com/,200,4,Google Analytics,Analytics,high,3,"html_contains, script_url",script_url: googletagmanager.com/gtag/js,
231selfstorage.com,https://231selfstorage.com/,200,4,Cloudflare,CDN / Security,high,4,"cookie, header",cookie: __cf_bm,
231selfstorage.com,https://231selfstorage.com/,200,4,Magento,Ecommerce,high,1,html_contains,html_contains: mage-,
253media.com,https://www.253media.com/,200,9,Shopify,Ecommerce,high,1,html_contains,html_contains: shopify-features,
253media.com,https://www.253media.com/,200,9,Webflow,CMS,high,1,dom_marker,dom_marker: data-wf-page,
253media.com,https://www.253media.com/,200,9,Google Tag Manager,Tag Manager,high,1,html_contains,html_contains: gtm-,
253media.com,https://www.253media.com/,200,9,Google Analytics,Analytics,high,2,"html_contains, script_url",script_url: googletagmanager.com/gtag/js,
253media.com,https://www.253media.com/,200,9,Meta Pixel,Marketing,high,1,html_contains,html_contains: fbq(,
253media.com,https://www.253media.com/,200,9,Cloudflare,CDN / Security,high,3,header,header: cloudflare,
253media.com,https://www.253media.com/,200,9,Bootstrap,CSS Framework,medium,10,dom_marker,"dom_marker: class=""container",
253media.com,https://www.253media.com/,200,9,jQuery,JavaScript Library,high,1,script_url,script_url: jquery.min.js,
253media.com,https://www.253media.com/,200,9,Amazon CloudFront,CDN / Security,high,1,script_url,script_url: cloudfront.net,
261welfarefund.com,https://www.261welfarefund.com/,200,4,WordPress,CMS,high,5,"script_url, stylesheet_url",script_url: wp-content,
261welfarefund.com,https://www.261welfarefund.com/,200,4,Cloudflare,CDN / Security,high,3,header,header: cloudflare,
261welfarefund.com,https://www.261welfarefund.com/,200,4,Bootstrap,CSS Framework,medium,6,dom_marker,"dom_marker: class=""container",
261welfarefund.com,https://www.261welfarefund.com/,200,4,Magento,Ecommerce,high,1,html_contains,html_contains: mage-,
2agateway.com,https://2agateway.com/,200,3,WordPress,CMS,high,11,"meta_generator, script_url, stylesheet_url",script_url: wp-content,
2agateway.com,https://2agateway.com/,200,3,Cloudflare,CDN / Security,high,4,"cookie, header",cookie: __cf_bm,
2agateway.com,https://2agateway.com/,200,3,Magento,Ecommerce,high,1,html_contains,html_contains: mage-,
2ldm.com,https://2ldm.com/,200,6,WordPress,CMS,high,47,"meta_generator, script_url, stylesheet_url",script_url: wp-includes,
2ldm.com,https://2ldm.com/,200,6,Google Analytics,Analytics,high,3,"html_contains, script_url",script_url: googletagmanager.com/gtag/js,
2ldm.com,https://2ldm.com/,200,6,Cloudflare,CDN / Security,high,2,header,header: a177edd6f840dbe7-FRA,
2ldm.com,https://2ldm.com/,200,6,Vue.js,JavaScript Framework,medium,1,dom_marker,dom_marker: data-v-,
2ldm.com,https://2ldm.com/,200,6,jQuery,JavaScript Library,high,2,script_url,script_url: jquery.min.js,
2ldm.com,https://2ldm.com/,200,6,Magento,Ecommerce,high,1,html_contains,html_contains: mage-,
3-energie-klaas.de,https://3-energie-klaas.de/,200,1,Cloudflare,CDN / Security,high,3,"cookie, header",cookie: __cf_bm,
365outsource.com,https://www.365outsource.com/,200,7,WooCommerce,Ecommerce,high,1,html_contains,html_contains: woocommerce,
365outsource.com,https://www.365outsource.com/,200,7,WordPress,CMS,high,50,"meta_generator, script_url, stylesheet_url",script_url: wp-includes,
365outsource.com,https://www.365outsource.com/,200,7,Google Tag Manager,Tag Manager,high,1,html_contains,html_contains: gtm-,
365outsource.com,https://www.365outsource.com/,200,7,Google Analytics,Analytics,high,2,"html_contains, script_url",script_url: googletagmanager.com/gtag/js,
365outsource.com,https://www.365outsource.com/,200,7,Cloudflare,CDN / Security,high,3,header,header: cloudflare,
365outsource.com,https://www.365outsource.com/,200,7,jQuery,JavaScript Library,high,2,script_url,script_url: jquery.min.js,
365outsource.com,https://www.365outsource.com/,200,7,Magento,Ecommerce,high,1,html_contains,html_contains: mage-,
38inspect.com,https://www.38inspect.com/,200,6,WordPress,CMS,high,16,"meta_generator, script_url, stylesheet_url",script_url: wp-includes,
38inspect.com,https://www.38inspect.com/,200,6,Cloudflare,CDN / Security,high,3,header,header: cloudflare,
38inspect.com,https://www.38inspect.com/,200,6,Bootstrap,CSS Framework,medium,10,dom_marker,"dom_marker: class=""container",
38inspect.com,https://www.38inspect.com/,200,6,jQuery,JavaScript Library,high,2,script_url,script_url: jquery.min.js,
38inspect.com,https://www.38inspect.com/,200,6,Magento,Ecommerce,high,1,html_contains,html_contains: mage-,
38inspect.com,https://www.38inspect.com/,200,6,Amazon CloudFront,CDN / Security,high,1,stylesheet_url,stylesheet_url: cloudfront.net,
3bsexcavating.com,https://3bsexcavating.com/,200,7,WooCommerce,Ecommerce,high,1,html_contains,html_contains: woocommerce,
3bsexcavating.com,https://3bsexcavating.com/,200,7,WordPress,CMS,high,15,"script_url, stylesheet_url",script_url: wp-includes,
3bsexcavating.com,https://3bsexcavating.com/,200,7,Google Tag Manager,Tag Manager,high,1,html_contains,html_contains: gtm-,
3bsexcavating.com,https://3bsexcavating.com/,200,7,Cloudflare,CDN / Security,high,4,"cookie, header",cookie: __cf_bm,
3bsexcavating.com,https://3bsexcavating.com/,200,7,Bootstrap,CSS Framework,medium,5,dom_marker,"dom_marker: class=""container",
3bsexcavating.com,https://3bsexcavating.com/,200,7,jQuery,JavaScript Library,high,2,script_url,script_url: jquery.min.js,
3bsexcavating.com,https://3bsexcavating.com/,200,7,Magento,Ecommerce,high,1,html_contains,html_contains: mage-,
3dwealthadvisory.com,https://3dwealthadvisory.com/,200,5,WooCommerce,Ecommerce,high,1,html_contains,html_contains: woocommerce,
3dwealthadvisory.com,https://3dwealthadvisory.com/,200,5,WordPress,CMS,high,21,"script_url, stylesheet_url",script_url: wp-content,
3dwealthadvisory.com,https://3dwealthadvisory.com/,200,5,Cloudflare,CDN / Security,high,4,"cookie, header",cookie: __cf_bm,
3dwealthadvisory.com,https://3dwealthadvisory.com/,200,5,jQuery,JavaScript Library,high,2,script_url,script_url: jquery.min.js,
3dwealthadvisory.com,https://3dwealthadvisory.com/,200,5,Magento,Ecommerce,high,1,html_contains,html_contains: mage-,
3strandschurch.org,https://3strandschurch.org/,200,5,WooCommerce,Ecommerce,high,1,html_contains,html_contains: woocommerce,
3strandschurch.org,https://3strandschurch.org/,200,5,WordPress,CMS,high,33,"script_url, stylesheet_url",script_url: wp-includes,
3strandschurch.org,https://3strandschurch.org/,200,5,Cloudflare,CDN / Security,high,4,"cookie, header",cookie: __cf_bm,
3strandschurch.org,https://3strandschurch.org/,200,5,jQuery,JavaScript Library,high,2,script_url,script_url: jquery.min.js,
3strandschurch.org,https://3strandschurch.org/,200,5,Magento,Ecommerce,high,1,html_contains,html_contains: mage-,
3xd.co.uk,https://www.3xd.co.uk/,200,7,WordPress,CMS,high,29,"script_url, stylesheet_url",script_url: wp-includes,
3xd.co.uk,https://www.3xd.co.uk/,200,7,Cloudflare,CDN / Security,high,3,header,header: cloudflare,
3xd.co.uk,https://www.3xd.co.uk/,200,7,Bootstrap,CSS Framework,medium,1,stylesheet_url,stylesheet_url: bootstrap.min.css,
3xd.co.uk,https://www.3xd.co.uk/,200,7,jQuery,JavaScript Library,high,4,script_url,script_url: jquery.min.js,
3xd.co.uk,https://www.3xd.co.uk/,200,7,reCAPTCHA,Security,high,1,script_url,script_url: google.com/recaptcha,
3xd.co.uk,https://www.3xd.co.uk/,200,7,Magento,Ecommerce,high,1,html_contains,html_contains: mage-,
3xd.co.uk,https://www.3xd.co.uk/,200,7,Plausible Analytics,Analytics,high,1,dom_marker,dom_marker: data-domain,
4stonebuildings.com,https://4stonebuildings.com/,200,5,WordPress,CMS,high,22,"script_url, stylesheet_url",script_url: wp-content,
4stonebuildings.com,https://4stonebuildings.com/,200,5,Google Analytics,Analytics,high,1,script_url,script_url: googletagmanager.com/gtag/js,
4stonebuildings.com,https://4stonebuildings.com/,200,5,Cloudflare,CDN / Security,high,4,"cookie, header",cookie: __cf_bm,
4stonebuildings.com,https://4stonebuildings.com/,200,5,jQuery,JavaScript Library,high,2,script_url,script_url: jquery.min.js,
4stonebuildings.com,https://4stonebuildings.com/,200,5,Magento,Ecommerce,high,1,html_contains,html_contains: mage-,
5rcircleprocess.weebly.com,https://5rcircleprocess.weebly.com/,200,5,Weebly,CMS,high,7,"domain, script_url, stylesheet_url",domain: weebly.com,
5rcircleprocess.weebly.com,https://5rcircleprocess.weebly.com/,200,5,Cloudflare,CDN / Security,high,4,"cookie, header",cookie: __cf_bm,
5rcircleprocess.weebly.com,https://5rcircleprocess.weebly.com/,200,5,Bootstrap,CSS Framework,medium,3,dom_marker,"dom_marker: class=""container",
5rcircleprocess.weebly.com,https://5rcircleprocess.weebly.com/,200,5,jQuery,JavaScript Library,high,1,script_url,script_url: jquery.min.js,
5rcircleprocess.weebly.com,https://5rcircleprocess.weebly.com/,200,5,Magento,Ecommerce,high,1,html_contains,html_contains: mage-,
5starremoval.weebly.com,https://5starremoval.weebly.com/,404,2,Weebly,CMS,high,1,domain,domain: weebly.com,
5starremoval.weebly.com,https://5starremoval.weebly.com/,404,2,Cloudflare,CDN / Security,high,4,"cookie, header",cookie: __cf_bm,
5w.design,https://5w.design/,200,6,WordPress,CMS,high,17,"script_url, stylesheet_url",script_url: wp-includes,
5w.design,https://5w.design/,200,6,Mailchimp,Email Marketing,medium,1,html_contains,html_contains: list-manage.com,
5w.design,https://5w.design/,200,6,Cloudflare,CDN / Security,high,4,"cookie, header",cookie: __cf_bm,
5w.design,https://5w.design/,200,6,Bootstrap,CSS Framework,medium,19,dom_marker,"dom_marker: class=""container",
5w.design,https://5w.design/,200,6,jQuery,JavaScript Library,high,2,script_url,script_url: jquery.min.js,
5w.design,https://5w.design/,200,6,Magento,Ecommerce,high,1,html_contains,html_contains: mage-,
959marine.com,https://www.959marine.com/,200,5,Weebly,CMS,high,9,"script_url, stylesheet_url",script_url: cdn2.editmysite.com,
959marine.com,https://www.959marine.com/,200,5,Cloudflare,CDN / Security,high,3,header,header: cloudflare,
959marine.com,https://www.959marine.com/,200,5,Bootstrap,CSS Framework,medium,6,dom_marker,"dom_marker: class=""container",
959marine.com,https://www.959marine.com/,200,5,reCAPTCHA,Security,high,1,dom_marker,dom_marker: g-recaptcha,
959marine.com,https://www.959marine.com/,200,5,Magento,Ecommerce,high,1,html_contains,html_contains: mage-,
a3sec.com,https://a3sec.com/,200,8,Google Tag Manager,Tag Manager,high,1,html_contains,html_contains: gtm-,
a3sec.com,https://a3sec.com/,200,8,Google Analytics,Analytics,high,2,"html_contains, script_url",script_url: googletagmanager.com/gtag/js,
a3sec.com,https://a3sec.com/,200,8,Hotjar,Analytics,high,2,"html_contains, script_url",script_url: hotjar.com,
a3sec.com,https://a3sec.com/,200,8,HubSpot,Marketing Automation,high,1,html_contains,html_contains: hubspot,
a3sec.com,https://a3sec.com/,200,8,Cloudflare,CDN / Security,high,3,"cookie, header",cookie: __cf_bm,
a3sec.com,https://a3sec.com/,200,8,Bootstrap,CSS Framework,medium,2,dom_marker,"dom_marker: class=""container",
a3sec.com,https://a3sec.com/,200,8,jQuery,JavaScript Library,high,1,script_url,script_url: jquery-migrate,
a3sec.com,https://a3sec.com/,200,8,Magento,Ecommerce,high,1,html_contains,html_contains: mage-,
aaice.net,https://aaice.net/,200,7,WooCommerce,Ecommerce,high,1,html_contains,html_contains: woocommerce,
aaice.net,https://aaice.net/,200,7,WordPress,CMS,high,37,"meta_generator, script_url, stylesheet_url",script_url: wp-content,
aaice.net,https://aaice.net/,200,7,Google Analytics,Analytics,high,1,script_url,script_url: googletagmanager.com/gtag/js,
aaice.net,https://aaice.net/,200,7,HubSpot,Marketing Automation,high,1,html_contains,html_contains: hubspot,
aaice.net,https://aaice.net/,200,7,Cloudflare,CDN / Security,high,4,"cookie, header",cookie: __cf_bm,
aaice.net,https://aaice.net/,200,7,jQuery,JavaScript Library,high,2,script_url,script_url: jquery.min.js,
aaice.net,https://aaice.net/,200,7,Magento,Ecommerce,high,1,html_contains,html_contains: mage-,
aardvarkelectriccorp.com,http://aardvarkelectriccorp.com/,409,1,Cloudflare,CDN / Security,high,2,header,header: cloudflare,
abbikadabbisbakingco.com,https://www.abbikadabbisbakingco.com,200,4,Google Analytics,Analytics,high,1,html_contains,html_contains: gtag(,
abbikadabbisbakingco.com,https://www.abbikadabbisbakingco.com,200,4,Cloudflare,CDN / Security,high,3,header,header: cloudflare,
abbikadabbisbakingco.com,https://www.abbikadabbisbakingco.com,200,4,Magento,Ecommerce,high,1,html_contains,html_contains: mage-,
abbikadabbisbakingco.com,https://www.abbikadabbisbakingco.com,200,4,Datadog RUM,Monitoring,high,1,html_contains,html_contains: datadog-rum,
abcdpinturas.com.br,https://abcdpinturas.com.br/,200,0,,,,0,,,
aida-cruises.at,https://aida-cruises.at/,403,0,,,,0,,,
alabamabuildingcontractor.com,https://www.alabamabuildingcontractor.com/,200,6,WooCommerce,Ecommerce,high,1,html_contains,html_contains: woocommerce,
alabamabuildingcontractor.com,https://www.alabamabuildingcontractor.com/,200,6,WordPress,CMS,high,12,"meta_generator, script_url, stylesheet_url",script_url: wp-includes,
alabamabuildingcontractor.com,https://www.alabamabuildingcontractor.com/,200,6,Cloudflare,CDN / Security,high,3,header,header: cloudflare,
alabamabuildingcontractor.com,https://www.alabamabuildingcontractor.com/,200,6,Bootstrap,CSS Framework,medium,2,dom_marker,"dom_marker: class=""container",
alabamabuildingcontractor.com,https://www.alabamabuildingcontractor.com/,200,6,jQuery,JavaScript Library,high,2,script_url,script_url: jquery.min.js,
alabamabuildingcontractor.com,https://www.alabamabuildingcontractor.com/,200,6,Magento,Ecommerce,high,1,html_contains,html_contains: mage-,
allegrocreditbeta.com,,,0,,,,0,,,"HTTPConnectionPool(host='allegrocreditbeta.com', port=80): Read timed out. (read timeout=10)"
amaronbattery.in,http://amaronbattery.in/,200,0,,,,0,,,
amourfinder.com,https://www.amourfinder.com/,200,0,,,,0,,,
antikebau.de,https://antikebau.de/,500,0,,,,0,,,
appelpsychotherapy.com,https://www.appelpsychotherapy.com/,200,6,Wix,CMS,high,6,"header, html_contains, stylesheet_url",stylesheet_url: wixstatic.com,
appelpsychotherapy.com,https://www.appelpsychotherapy.com/,200,6,React,JavaScript Framework,medium,1,html_contains,html_contains: react-dom,
appelpsychotherapy.com,https://www.appelpsychotherapy.com/,200,6,Bootstrap,CSS Framework,medium,1,dom_marker,"dom_marker: class=""container",
appelpsychotherapy.com,https://www.appelpsychotherapy.com/,200,6,Magento,Ecommerce,high,1,html_contains,html_contains: mage-,
appelpsychotherapy.com,https://www.appelpsychotherapy.com/,200,6,Webpack,Build Tool,medium,1,html_contains,html_contains: webpackJsonp,
appelpsychotherapy.com,https://www.appelpsychotherapy.com/,200,6,Fastly,CDN / Security,high,1,header,header: cache-,
arenaskolor.se,https://arenaskolor.se/,200,3,WordPress,CMS,high,24,"meta_generator, script_url, stylesheet_url",script_url: wp-includes,
arenaskolor.se,https://arenaskolor.se/,200,3,jQuery,JavaScript Library,high,2,script_url,script_url: jquery.min.js,
arenaskolor.se,https://arenaskolor.se/,200,3,Magento,Ecommerce,high,1,html_contains,html_contains: mage-,
arol.cl,https://arol.cl/,200,1,Bootstrap,CSS Framework,medium,3,dom_marker,"dom_marker: class=""container",
avocatalinamanciu.ro,https://avocatalinamanciu.ro/,200,5,WooCommerce,Ecommerce,high,1,html_contains,html_contains: woocommerce,
avocatalinamanciu.ro,https://avocatalinamanciu.ro/,200,5,WordPress,CMS,high,59,"meta_generator, script_url, stylesheet_url",script_url: wp-content,
avocatalinamanciu.ro,https://avocatalinamanciu.ro/,200,5,Google Analytics,Analytics,high,2,"html_contains, script_url",script_url: googletagmanager.com/gtag/js,
avocatalinamanciu.ro,https://avocatalinamanciu.ro/,200,5,jQuery,JavaScript Library,high,2,script_url,script_url: jquery.min.js,
avocatalinamanciu.ro,https://avocatalinamanciu.ro/,200,5,Magento,Ecommerce,high,1,html_contains,html_contains: mage-,
bas-ingenieria.cl,https://bas-ingenieria.cl/,200,1,Bootstrap,CSS Framework,medium,11,"dom_marker, stylesheet_url",stylesheet_url: bootstrap.min.css,
bata.edu.hu,https://bata.edu.hu/,200,4,WooCommerce,Ecommerce,high,1,html_contains,html_contains: woocommerce,
bata.edu.hu,https://bata.edu.hu/,200,4,WordPress,CMS,high,17,"meta_generator, script_url, stylesheet_url",script_url: wp-includes,
bata.edu.hu,https://bata.edu.hu/,200,4,jQuery,JavaScript Library,high,2,script_url,script_url: jquery.min.js,
bata.edu.hu,https://bata.edu.hu/,200,4,Magento,Ecommerce,high,1,html_contains,html_contains: mage-,
bfnelson.it,https://bfnelson.it/,200,2,WordPress,CMS,high,30,"meta_generator, script_url, stylesheet_url",script_url: wp-content,
bfnelson.it,https://bfnelson.it/,200,2,Magento,Ecommerce,high,1,html_contains,html_contains: mage-,
boken.ch,https://boken.ch/,200,5,WordPress,CMS,high,14,"meta_generator, script_url, stylesheet_url",script_url: wp-includes,
boken.ch,https://boken.ch/,200,5,Bootstrap,CSS Framework,medium,1,dom_marker,"dom_marker: class=""container",
boken.ch,https://boken.ch/,200,5,jQuery,JavaScript Library,high,2,script_url,script_url: jquery.min.js,
boken.ch,https://boken.ch/,200,5,Magento,Ecommerce,high,1,html_contains,html_contains: mage-,
boken.ch,https://boken.ch/,200,5,Matomo,Analytics,high,2,html_contains,html_contains: _paq.push,
branson-connection.com,,,0,,,,0,,,"('Connection aborted.', RemoteDisconnected('Remote end closed connection without response'))"
broganlmt.com,https://www.broganlmt.com/,200,6,Wix,CMS,high,6,"header, html_contains, stylesheet_url",stylesheet_url: wixstatic.com,
broganlmt.com,https://www.broganlmt.com/,200,6,React,JavaScript Framework,medium,1,html_contains,html_contains: react-dom,
broganlmt.com,https://www.broganlmt.com/,200,6,Bootstrap,CSS Framework,medium,1,dom_marker,"dom_marker: class=""container",
broganlmt.com,https://www.broganlmt.com/,200,6,Magento,Ecommerce,high,1,html_contains,html_contains: mage-,
broganlmt.com,https://www.broganlmt.com/,200,6,Webpack,Build Tool,medium,1,html_contains,html_contains: webpackJsonp,
broganlmt.com,https://www.broganlmt.com/,200,6,Fastly,CDN / Security,high,1,header,header: cache-,
brucebournesold.com,https://www.brucebournesold.com/,403,0,,,,0,,,
buchhaltungsservice-koenig.de,https://buchhaltungsservice-koenig.de/,200,3,WordPress,CMS,high,24,"meta_generator, script_url, stylesheet_url",script_url: wp-content,
buchhaltungsservice-koenig.de,https://buchhaltungsservice-koenig.de/,200,3,jQuery,JavaScript Library,high,2,script_url,script_url: jquery.min.js,
buchhaltungsservice-koenig.de,https://buchhaltungsservice-koenig.de/,200,3,Magento,Ecommerce,high,1,html_contains,html_contains: mage-,
cei-expertises.fr,https://www.cei-expertises.fr/,200,6,WooCommerce,Ecommerce,high,1,html_contains,html_contains: woocommerce,
cei-expertises.fr,https://www.cei-expertises.fr/,200,6,WordPress,CMS,high,47,"meta_generator, script_url, stylesheet_url",script_url: wp-includes,
cei-expertises.fr,https://www.cei-expertises.fr/,200,6,React,JavaScript Framework,medium,1,html_contains,html_contains: react-dom,
cei-expertises.fr,https://www.cei-expertises.fr/,200,6,Bootstrap,CSS Framework,medium,1,dom_marker,"dom_marker: class=""container",
cei-expertises.fr,https://www.cei-expertises.fr/,200,6,jQuery,JavaScript Library,high,2,script_url,script_url: jquery.min.js,
cei-expertises.fr,https://www.cei-expertises.fr/,200,6,Magento,Ecommerce,high,1,html_contains,html_contains: mage-,
celiabedilia.com,http://celiabedilia.com/,200,1,Bootstrap,CSS Framework,medium,14,"dom_marker, script_url, stylesheet_url",script_url: bootstrap.min.js,
centreconsiliereavort.ro,https://centreconsiliereavort.ro/,200,3,WordPress,CMS,high,7,"meta_generator, script_url, stylesheet_url",script_url: wp-includes,
centreconsiliereavort.ro,https://centreconsiliereavort.ro/,200,3,jQuery,JavaScript Library,high,2,script_url,script_url: jquery.min.js,
centreconsiliereavort.ro,https://centreconsiliereavort.ro/,200,3,Magento,Ecommerce,high,1,html_contains,html_contains: mage-,
chavchavadze-m2-41-tbilisi.booked.net,https://chavchavadze-m2-41-tbilisi.booked.net/,404,1,Cloudflare,CDN / Security,high,3,header,header: cloudflare,
chiantifiorentino.it,https://www.chiantifiorentino.it/web/,200,4,Google Tag Manager,Tag Manager,high,1,html_contains,html_contains: gtm-,
chiantifiorentino.it,https://www.chiantifiorentino.it/web/,200,4,Google Analytics,Analytics,high,2,"html_contains, script_url",script_url: googletagmanager.com/gtag/js,
chiantifiorentino.it,https://www.chiantifiorentino.it/web/,200,4,Bootstrap,CSS Framework,medium,18,"dom_marker, stylesheet_url",stylesheet_url: bootstrap.min.css,
chiantifiorentino.it,https://www.chiantifiorentino.it/web/,200,4,ASP.NET,Backend Framework,high,1,header,header: ASP.NET,
clotting-guide.online,https://www.clotting-guide.online/de/ueber/,200,5,WooCommerce,Ecommerce,high,1,html_contains,html_contains: woocommerce,
clotting-guide.online,https://www.clotting-guide.online/de/ueber/,200,5,WordPress,CMS,high,23,"meta_generator, script_url, stylesheet_url",script_url: wp-includes,
clotting-guide.online,https://www.clotting-guide.online/de/ueber/,200,5,React,JavaScript Framework,medium,1,html_contains,html_contains: react-dom,
clotting-guide.online,https://www.clotting-guide.online/de/ueber/,200,5,jQuery,JavaScript Library,high,2,script_url,script_url: jquery.min.js,
clotting-guide.online,https://www.clotting-guide.online/de/ueber/,200,5,Magento,Ecommerce,high,1,html_contains,html_contains: mage-,
cmc01village.com,https://www.cmc01village.com/,200,6,Webflow,CMS,high,1,dom_marker,dom_marker: data-wf-page,
cmc01village.com,https://www.cmc01village.com/,200,6,Google Tag Manager,Tag Manager,high,1,html_contains,html_contains: gtm-,
cmc01village.com,https://www.cmc01village.com/,200,6,Google Analytics,Analytics,high,2,"html_contains, script_url",script_url: googletagmanager.com/gtag/js,
cmc01village.com,https://www.cmc01village.com/,200,6,Cloudflare,CDN / Security,high,3,header,header: cloudflare,
cmc01village.com,https://www.cmc01village.com/,200,6,reCAPTCHA,Security,high,1,script_url,script_url: google.com/recaptcha,
cmc01village.com,https://www.cmc01village.com/,200,6,Amazon CloudFront,CDN / Security,high,1,script_url,script_url: cloudfront.net,
cmresolutions.com,http://cmresolutions.com/,200,0,,,,0,,,
coastwidemechanicalcentralcoast.com.au,https://coastwidemechanicalcentralcoast.com.au/,200,3,WordPress,CMS,high,6,"meta_generator, stylesheet_url",stylesheet_url: wp-content,
coastwidemechanicalcentralcoast.com.au,https://coastwidemechanicalcentralcoast.com.au/,200,3,Google Analytics,Analytics,high,1,html_contains,html_contains: gtag(,
coastwidemechanicalcentralcoast.com.au,https://coastwidemechanicalcentralcoast.com.au/,200,3,Magento,Ecommerce,high,1,html_contains,html_contains: mage-,
coenzwezerijnen.nu,http://coenzwezerijnen.nu/,200,0,,,,0,,,
concrete-fitness.edan.io,https://concrete-fitness.edan.io/,403,1,Cloudflare,CDN / Security,high,2,header,header: cloudflare,
construccionesyatecnicas.com,http://construccionesyatecnicas.com/,200,1,jQuery,JavaScript Library,high,1,script_url,script_url: jquery.min.js,
costa-coffee.be,,,0,,,,0,,,"HTTPConnectionPool(host='costa-coffee.be', port=80): Read timed out. (read timeout=10)"
cultivateventures.co.nz,https://cultivateventures.co.nz/,200,3,Squarespace,CMS,high,16,"html_contains, script_url, stylesheet_url",script_url: squarespace.com/universal,
cultivateventures.co.nz,https://cultivateventures.co.nz/,200,3,Bootstrap,CSS Framework,medium,5,dom_marker,"dom_marker: class=""container",
cultivateventures.co.nz,https://cultivateventures.co.nz/,200,3,Magento,Ecommerce,high,2,"html_contains, stylesheet_url",stylesheet_url: /static/version,
cytofastmed.com,,,0,,,,0,,,"HTTPConnectionPool(host='cytofastmed.com', port=80): Max retries exceeded with url: / (Caused by NameResolutionError(""HTTPConnection(host='cytofastmed.com', port=80): Failed to resolve 'cytofastmed.com' ([Errno 11001] getaddrinfo failed)""))"
davidloeppke.com,https://davidloeppke.com/,200,2,Google Analytics,Analytics,high,2,"html_contains, script_url",script_url: googletagmanager.com/gtag/js,
davidloeppke.com,https://davidloeppke.com/,200,2,Magento,Ecommerce,high,1,html_contains,html_contains: mage-,
deepseass.com,https://www.deepseass.com/,200,3,WordPress,CMS,high,36,"meta_generator, script_url, stylesheet_url",script_url: wp-includes,
deepseass.com,https://www.deepseass.com/,200,3,jQuery,JavaScript Library,high,2,script_url,script_url: jquery.min.js,
deepseass.com,https://www.deepseass.com/,200,3,Magento,Ecommerce,high,1,html_contains,html_contains: mage-,
deerfieldbeachautomall.com,https://www.deerfieldbeachautomall.com/,200,7,Google Tag Manager,Tag Manager,high,1,html_contains,html_contains: gtm-,
deerfieldbeachautomall.com,https://www.deerfieldbeachautomall.com/,200,7,React,JavaScript Framework,medium,7,"dom_marker, html_contains",dom_marker: data-reactroot,
deerfieldbeachautomall.com,https://www.deerfieldbeachautomall.com/,200,7,Bootstrap,CSS Framework,medium,7,"dom_marker, script_url",script_url: bootstrap.min.js,
deerfieldbeachautomall.com,https://www.deerfieldbeachautomall.com/,200,7,Magento,Ecommerce,high,1,html_contains,html_contains: mage-,
deerfieldbeachautomall.com,https://www.deerfieldbeachautomall.com/,200,7,Webpack,Build Tool,medium,1,html_contains,html_contains: webpackChunk,
deerfieldbeachautomall.com,https://www.deerfieldbeachautomall.com/,200,7,Akamai,CDN / Security,high,1,header,"header: 9 - 0 pmb=mRUM,2",
deerfieldbeachautomall.com,https://www.deerfieldbeachautomall.com/,200,7,New Relic,Monitoring,high,2,html_contains,html_contains: NREUM,
den-a-sha.co.jp,http://den-a-sha.co.jp/,200,0,,,,0,,,
dioxoxigenio.com.br,http://dioxoxigenio.com.br/,200,3,WordPress,CMS,high,50,"meta_generator, script_url, stylesheet_url",script_url: wp-content,
dioxoxigenio.com.br,http://dioxoxigenio.com.br/,200,3,jQuery,JavaScript Library,high,2,script_url,script_url: jquery.min.js,
dioxoxigenio.com.br,http://dioxoxigenio.com.br/,200,3,Magento,Ecommerce,high,1,html_contains,html_contains: mage-,
disinfestazioniepiscine.it,,,0,,,,0,,,"('Connection aborted.', ConnectionResetError(10054, 'An existing connection was forcibly closed by the remote host', None, 10054, None))"
disneystore.com,https://www.disneystore.com/,200,7,Zendesk,Customer Support,high,1,html_contains,html_contains: zendesk,
disneystore.com,https://www.disneystore.com/,200,7,Cloudflare,CDN / Security,high,3,header,header: cloudflare,
disneystore.com,https://www.disneystore.com/,200,7,reCAPTCHA,Security,high,2,script_url,script_url: google.com/recaptcha,
disneystore.com,https://www.disneystore.com/,200,7,Webpack,Build Tool,medium,1,html_contains,html_contains: webpackChunk,
disneystore.com,https://www.disneystore.com/,200,7,Akamai,CDN / Security,high,1,header,"header: 9 - 0 pmb=mRUM,2",
disneystore.com,https://www.disneystore.com/,200,7,Plausible Analytics,Analytics,high,1,dom_marker,dom_marker: data-domain,
disneystore.com,https://www.disneystore.com/,200,7,New Relic,Monitoring,high,2,html_contains,html_contains: NREUM,
domekvefaru.com,https://www.domekvefaru.com/,200,2,Google Tag Manager,Tag Manager,high,1,html_contains,html_contains: gtm-,
domekvefaru.com,https://www.domekvefaru.com/,200,2,Amazon CloudFront,CDN / Security,high,19,"script_url, stylesheet_url",script_url: cloudfront.net,
doortodoororganics.com,https://doortodoororganics.com/,200,1,Cloudflare,CDN / Security,high,3,header,header: cloudflare,
doringpoort.com,https://doringpoort.com/,200,4,WordPress,CMS,high,42,"meta_generator, script_url, stylesheet_url",script_url: wp-includes,
doringpoort.com,https://doringpoort.com/,200,4,Google Analytics,Analytics,high,2,"html_contains, script_url",script_url: googletagmanager.com/gtag/js,
doringpoort.com,https://doringpoort.com/,200,4,jQuery,JavaScript Library,high,2,script_url,script_url: jquery.min.js,
doringpoort.com,https://doringpoort.com/,200,4,Magento,Ecommerce,high,1,html_contains,html_contains: mage-,
dorpsbelangen.nu,https://www.dorpsbelangen.nu/,200,5,WooCommerce,Ecommerce,high,1,html_contains,html_contains: woocommerce,
dorpsbelangen.nu,https://www.dorpsbelangen.nu/,200,5,WordPress,CMS,high,29,"meta_generator, script_url, stylesheet_url",script_url: wp-includes,
dorpsbelangen.nu,https://www.dorpsbelangen.nu/,200,5,jQuery,JavaScript Library,high,2,script_url,script_url: jquery.min.js,
dorpsbelangen.nu,https://www.dorpsbelangen.nu/,200,5,reCAPTCHA,Security,high,1,script_url,script_url: google.com/recaptcha,
dorpsbelangen.nu,https://www.dorpsbelangen.nu/,200,5,Magento,Ecommerce,high,1,html_contains,html_contains: mage-,
dssfla.com,https://www.dssfla.com/,200,7,WooCommerce,Ecommerce,high,1,html_contains,html_contains: woocommerce,
dssfla.com,https://www.dssfla.com/,200,7,WordPress,CMS,high,59,"meta_generator, script_url, stylesheet_url",script_url: wp-content,
dssfla.com,https://www.dssfla.com/,200,7,Google Analytics,Analytics,high,1,script_url,script_url: googletagmanager.com/gtag/js,
dssfla.com,https://www.dssfla.com/,200,7,Bootstrap,CSS Framework,medium,10,dom_marker,"dom_marker: class=""container",
dssfla.com,https://www.dssfla.com/,200,7,jQuery,JavaScript Library,high,1,script_url,script_url: jquery.min.js,
dssfla.com,https://www.dssfla.com/,200,7,reCAPTCHA,Security,high,2,"dom_marker, script_url",script_url: google.com/recaptcha,
dssfla.com,https://www.dssfla.com/,200,7,Magento,Ecommerce,high,1,html_contains,html_contains: mage-,
eclairage-solaire-occitanie.com,https://www.eclairage-solaire-occitanie.com/,200,6,Wix,CMS,high,6,"header, html_contains, stylesheet_url",stylesheet_url: wixstatic.com,
eclairage-solaire-occitanie.com,https://www.eclairage-solaire-occitanie.com/,200,6,React,JavaScript Framework,medium,1,html_contains,html_contains: react-dom,
eclairage-solaire-occitanie.com,https://www.eclairage-solaire-occitanie.com/,200,6,Bootstrap,CSS Framework,medium,1,dom_marker,"dom_marker: class=""container",
eclairage-solaire-occitanie.com,https://www.eclairage-solaire-occitanie.com/,200,6,Magento,Ecommerce,high,1,html_contains,html_contains: mage-,
eclairage-solaire-occitanie.com,https://www.eclairage-solaire-occitanie.com/,200,6,Webpack,Build Tool,medium,1,html_contains,html_contains: webpackJsonp,
eclairage-solaire-occitanie.com,https://www.eclairage-solaire-occitanie.com/,200,6,Fastly,CDN / Security,high,1,header,header: cache-,
ecolab.com,https://www.ecolab.com/,200,6,Google Tag Manager,Tag Manager,high,1,html_contains,html_contains: gtm-,
ecolab.com,https://www.ecolab.com/,200,6,Vercel,Hosting,high,14,"header, script_url",script_url: _next/static,
ecolab.com,https://www.ecolab.com/,200,6,Next.js,JavaScript Framework,high,14,"dom_marker, script_url",script_url: _next/static,
ecolab.com,https://www.ecolab.com/,200,6,Bootstrap,CSS Framework,medium,14,dom_marker,"dom_marker: class=""container",
ecolab.com,https://www.ecolab.com/,200,6,Magento,Ecommerce,high,1,html_contains,html_contains: mage-,
ecolab.com,https://www.ecolab.com/,200,6,Akamai,CDN / Security,high,1,header,"header: 9 83733 0 pmb=mRUM,2",
ejc-courtage-assurances.fr,https://ejc-courtage-assurances.fr/,200,2,Bootstrap,CSS Framework,medium,9,dom_marker,"dom_marker: class=""container",
ejc-courtage-assurances.fr,https://ejc-courtage-assurances.fr/,200,2,jQuery,JavaScript Library,high,1,script_url,script_url: jquery.min.js,
elcolegiocongresosyrestaurante.com,https://elcolegiocongresosyrestaurante.com/,200,1,Bootstrap,CSS Framework,medium,4,dom_marker,"dom_marker: class=""container",
empresasori.com,http://empresasori.com/,200,6,WooCommerce,Ecommerce,high,1,html_contains,html_contains: woocommerce,
empresasori.com,http://empresasori.com/,200,6,WordPress,CMS,high,93,"meta_generator, script_url, stylesheet_url",script_url: wp-includes,
empresasori.com,http://empresasori.com/,200,6,React,JavaScript Framework,medium,1,html_contains,html_contains: react-dom,
empresasori.com,http://empresasori.com/,200,6,Bootstrap,CSS Framework,medium,4,"dom_marker, stylesheet_url",stylesheet_url: bootstrap.min.css,
empresasori.com,http://empresasori.com/,200,6,jQuery,JavaScript Library,high,2,script_url,script_url: jquery.min.js,
empresasori.com,http://empresasori.com/,200,6,Magento,Ecommerce,high,1,html_contains,html_contains: mage-,
europeaninns.com,https://europeaninns.com/,200,0,,,,0,,,
evelynanders.com,https://evelynanders.com/,200,4,Bootstrap,CSS Framework,medium,10,dom_marker,"dom_marker: class=""container",
evelynanders.com,https://evelynanders.com/,200,4,reCAPTCHA,Security,high,1,script_url,script_url: google.com/recaptcha,
evelynanders.com,https://evelynanders.com/,200,4,Magento,Ecommerce,high,1,html_contains,html_contains: mage-,
evelynanders.com,https://evelynanders.com/,200,4,Amazon CloudFront,CDN / Security,high,2,"script_url, stylesheet_url",script_url: cloudfront.net,
everhartsoutdoor.com,,,0,,,,0,,,"HTTPSConnectionPool(host='www.everhartsoutdoor.com', port=443): Max retries exceeded with url: / (Caused by SSLError(SSLCertVerificationError(1, ""[SSL: CERTIFICATE_VERIFY_FAILED] certificate verify failed: Hostname mismatch, certificate is not valid for 'www.everhartsoutdoor.com'. (_ssl.c:1032)"")))"
familybroker.cz,https://nicsell.com/en/domain/familybroker.cz,200,2,Bootstrap,CSS Framework,medium,10,"dom_marker, script_url, stylesheet_url",script_url: bootstrap.min.js,
familybroker.cz,https://nicsell.com/en/domain/familybroker.cz,200,2,jQuery,JavaScript Library,high,1,script_url,script_url: jquery-migrate,
ferienwohnung-kastell.de,https://p2-1.afp24.net/true1.php?id=ferikj6645k5ft1d&sv=1,200,1,Cloudflare,CDN / Security,high,3,header,header: cloudflare,
ferrateoxidant.com,https://ferrateoxidant.com/,200,3,WordPress,CMS,high,43,"meta_generator, script_url, stylesheet_url",script_url: wp-content,
ferrateoxidant.com,https://ferrateoxidant.com/,200,3,jQuery,JavaScript Library,high,2,script_url,script_url: jquery.min.js,
ferrateoxidant.com,https://ferrateoxidant.com/,200,3,Magento,Ecommerce,high,1,html_contains,html_contains: mage-,
fisherinvestments.com,https://fisherinvestments.com/,403,1,Akamai,CDN / Security,high,1,header,header: AkamaiGHost,
fluxar.com.ar,https://www.fluxar.com.ar/,200,6,WooCommerce,Ecommerce,high,1,html_contains,html_contains: woocommerce,
fluxar.com.ar,https://www.fluxar.com.ar/,200,6,WordPress,CMS,high,58,"meta_generator, script_url, stylesheet_url",script_url: wp-content,
fluxar.com.ar,https://www.fluxar.com.ar/,200,6,Google Analytics,Analytics,high,3,"html_contains, script_url",script_url: googletagmanager.com/gtag/js,
fluxar.com.ar,https://www.fluxar.com.ar/,200,6,jQuery,JavaScript Library,high,2,script_url,script_url: jquery.js,
fluxar.com.ar,https://www.fluxar.com.ar/,200,6,reCAPTCHA,Security,high,1,script_url,script_url: google.com/recaptcha,
fluxar.com.ar,https://www.fluxar.com.ar/,200,6,Magento,Ecommerce,high,1,html_contains,html_contains: mage-,
footasylum.com,https://www.footasylum.com:443/,200,5,Google Tag Manager,Tag Manager,high,1,html_contains,html_contains: gtm-,
footasylum.com,https://www.footasylum.com:443/,200,5,Bootstrap,CSS Framework,medium,1,script_url,script_url: bootstrap.min.js,
footasylum.com,https://www.footasylum.com:443/,200,5,Magento,Ecommerce,high,1,html_contains,html_contains: mage-,
footasylum.com,https://www.footasylum.com:443/,200,5,Akamai,CDN / Security,high,1,header,"header: 9 - 0 pmb=mRUM,2",
footasylum.com,https://www.footasylum.com:443/,200,5,Plausible Analytics,Analytics,high,1,dom_marker,dom_marker: data-domain,
freo.com.au,https://freo.com.au/,200,1,jQuery,JavaScript Library,high,1,script_url,script_url: jquery.js,
fsbwyoming.com,https://fsbwyoming.com/,403,0,,,,0,,,
gapconstructionwi.com,https://www.gapconstructionwi.com/,200,6,Wix,CMS,high,3,"header, html_contains",html_contains: wix-code,
gapconstructionwi.com,https://www.gapconstructionwi.com/,200,6,React,JavaScript Framework,medium,1,html_contains,html_contains: react-dom,
gapconstructionwi.com,https://www.gapconstructionwi.com/,200,6,Bootstrap,CSS Framework,medium,1,dom_marker,"dom_marker: class=""container",
gapconstructionwi.com,https://www.gapconstructionwi.com/,200,6,Magento,Ecommerce,high,1,html_contains,html_contains: mage-,
gapconstructionwi.com,https://www.gapconstructionwi.com/,200,6,Webpack,Build Tool,medium,1,html_contains,html_contains: webpackJsonp,
gapconstructionwi.com,https://www.gapconstructionwi.com/,200,6,Fastly,CDN / Security,high,1,header,header: cache-,
genesisny.net,https://genesisny.net/,200,0,,,,0,,,
gitesducharmois.fr,https://www.gitesducharmois.fr/,200,6,Wix,CMS,high,6,"header, html_contains, stylesheet_url",stylesheet_url: wixstatic.com,
gitesducharmois.fr,https://www.gitesducharmois.fr/,200,6,React,JavaScript Framework,medium,1,html_contains,html_contains: react-dom,
gitesducharmois.fr,https://www.gitesducharmois.fr/,200,6,Bootstrap,CSS Framework,medium,1,dom_marker,"dom_marker: class=""container",
gitesducharmois.fr,https://www.gitesducharmois.fr/,200,6,Magento,Ecommerce,high,1,html_contains,html_contains: mage-,
gitesducharmois.fr,https://www.gitesducharmois.fr/,200,6,Webpack,Build Tool,medium,1,html_contains,html_contains: webpackJsonp,
gitesducharmois.fr,https://www.gitesducharmois.fr/,200,6,Fastly,CDN / Security,high,1,header,header: cache-,
globalrn.com,https://globalrn.com/,526,1,Cloudflare,CDN / Security,high,2,header,header: cloudflare,
gogroupauto.com,https://www.gogroupauto.com/,200,7,Google Tag Manager,Tag Manager,high,1,html_contains,html_contains: gtm-,
gogroupauto.com,https://www.gogroupauto.com/,200,7,React,JavaScript Framework,medium,9,"dom_marker, html_contains",dom_marker: data-reactroot,
gogroupauto.com,https://www.gogroupauto.com/,200,7,Bootstrap,CSS Framework,medium,7,"dom_marker, script_url",script_url: bootstrap.min.js,
gogroupauto.com,https://www.gogroupauto.com/,200,7,Magento,Ecommerce,high,1,html_contains,html_contains: mage-,
gogroupauto.com,https://www.gogroupauto.com/,200,7,Webpack,Build Tool,medium,1,html_contains,html_contains: webpackChunk,
gogroupauto.com,https://www.gogroupauto.com/,200,7,Akamai,CDN / Security,high,1,header,"header: 9 - 0 pmb=mRUM,2",
gogroupauto.com,https://www.gogroupauto.com/,200,7,New Relic,Monitoring,high,2,html_contains,html_contains: NREUM,
gutendorf.ru,https://gutendorf.ru/,200,4,WooCommerce,Ecommerce,high,4,"html_contains, script_url",script_url: wp-content/plugins/woocommerce,
gutendorf.ru,https://gutendorf.ru/,200,4,WordPress,CMS,high,28,"meta_generator, script_url, stylesheet_url",script_url: wp-content,
gutendorf.ru,https://gutendorf.ru/,200,4,reCAPTCHA,Security,high,1,script_url,script_url: google.com/recaptcha,
gutendorf.ru,https://gutendorf.ru/,200,4,Magento,Ecommerce,high,1,html_contains,html_contains: mage-,
handycars.com,https://www.handycars.com/,200,8,Google Tag Manager,Tag Manager,high,1,html_contains,html_contains: gtm-,
handycars.com,https://www.handycars.com/,200,8,Meta Pixel,Marketing,high,2,html_contains,html_contains: fbq(,
handycars.com,https://www.handycars.com/,200,8,React,JavaScript Framework,medium,20,"dom_marker, html_contains",dom_marker: data-reactroot,
handycars.com,https://www.handycars.com/,200,8,Bootstrap,CSS Framework,medium,5,"dom_marker, script_url",script_url: bootstrap.min.js,
handycars.com,https://www.handycars.com/,200,8,Magento,Ecommerce,high,1,html_contains,html_contains: mage-,
handycars.com,https://www.handycars.com/,200,8,Webpack,Build Tool,medium,1,html_contains,html_contains: webpackChunk,
handycars.com,https://www.handycars.com/,200,8,Akamai,CDN / Security,high,1,header,"header: 9 - 0 pmb=mRUM,2",
handycars.com,https://www.handycars.com/,200,8,New Relic,Monitoring,high,2,html_contains,html_contains: NREUM,
hansis-knusperhendl-foodtruck.eatbu.com,https://hansis-knusperhendl-foodtruck.eatbu.com/?lang=en,200,3,Google Tag Manager,Tag Manager,high,1,html_contains,html_contains: gtm-,
hansis-knusperhendl-foodtruck.eatbu.com,https://hansis-knusperhendl-foodtruck.eatbu.com/?lang=en,200,3,Bootstrap,CSS Framework,medium,1,dom_marker,"dom_marker: class=""container",
hansis-knusperhendl-foodtruck.eatbu.com,https://hansis-knusperhendl-foodtruck.eatbu.com/?lang=en,200,3,Magento,Ecommerce,high,1,html_contains,html_contains: mage-,
haus-muehlenfeld-pommerby.de,https://www.haus-muehlenfeld-pommerby.de/,200,2,jQuery,JavaScript Library,high,1,script_url,script_url: jquery.min.js,
haus-muehlenfeld-pommerby.de,https://www.haus-muehlenfeld-pommerby.de/,200,2,Magento,Ecommerce,high,1,html_contains,html_contains: mage-,
herbalwise.ie,https://herbalwise.ie/,200,3,Shopify,Ecommerce,high,10,"cookie, html_contains, script_url, stylesheet_url",script_url: cdn.shopify.com,
herbalwise.ie,https://herbalwise.ie/,200,3,Cloudflare,CDN / Security,high,3,header,header: cloudflare,
herbalwise.ie,https://herbalwise.ie/,200,3,Magento,Ecommerce,high,1,html_contains,html_contains: mage-,
hnafirm.com,https://www.hnafirm.com/,200,3,Bootstrap,CSS Framework,medium,9,"dom_marker, stylesheet_url",stylesheet_url: bootstrap.min.css,
hnafirm.com,https://www.hnafirm.com/,200,3,jQuery,JavaScript Library,high,1,script_url,script_url: jquery.js,
hnafirm.com,https://www.hnafirm.com/,200,3,Magento,Ecommerce,high,1,html_contains,html_contains: mage-,
hoffmaninstitute.co.uk,https://hoffmaninstitute.co.uk/,200,6,WooCommerce,Ecommerce,high,15,"html_contains, script_url, stylesheet_url",script_url: wp-content/plugins/woocommerce,
hoffmaninstitute.co.uk,https://hoffmaninstitute.co.uk/,200,6,WordPress,CMS,high,60,"meta_generator, script_url, stylesheet_url",script_url: wp-includes,
hoffmaninstitute.co.uk,https://hoffmaninstitute.co.uk/,200,6,Cloudflare,CDN / Security,high,3,header,header: cloudflare,
hoffmaninstitute.co.uk,https://hoffmaninstitute.co.uk/,200,6,Bootstrap,CSS Framework,medium,24,"dom_marker, stylesheet_url",stylesheet_url: bootstrap.min.css,
hoffmaninstitute.co.uk,https://hoffmaninstitute.co.uk/,200,6,jQuery,JavaScript Library,high,2,script_url,script_url: jquery.min.js,
hoffmaninstitute.co.uk,https://hoffmaninstitute.co.uk/,200,6,Magento,Ecommerce,high,1,html_contains,html_contains: mage-,
howellmotors.com,https://www.howellmotors.com/,200,7,Google Tag Manager,Tag Manager,high,1,html_contains,html_contains: gtm-,
howellmotors.com,https://www.howellmotors.com/,200,7,React,JavaScript Framework,medium,14,"dom_marker, html_contains",dom_marker: data-reactroot,
howellmotors.com,https://www.howellmotors.com/,200,7,Bootstrap,CSS Framework,medium,7,"dom_marker, script_url",script_url: bootstrap.min.js,
howellmotors.com,https://www.howellmotors.com/,200,7,Magento,Ecommerce,high,1,html_contains,html_contains: mage-,
howellmotors.com,https://www.howellmotors.com/,200,7,Webpack,Build Tool,medium,1,html_contains,html_contains: webpackChunk,
howellmotors.com,https://www.howellmotors.com/,200,7,Akamai,CDN / Security,high,1,header,"header: 9 - 0 pmb=mRUM,2",
howellmotors.com,https://www.howellmotors.com/,200,7,New Relic,Monitoring,high,2,html_contains,html_contains: NREUM,
huberautomotive.com,https://www.huberautomotive.com/,200,8,Google Tag Manager,Tag Manager,high,1,html_contains,html_contains: gtm-,
huberautomotive.com,https://www.huberautomotive.com/,200,8,Meta Pixel,Marketing,high,2,html_contains,html_contains: fbq(,
huberautomotive.com,https://www.huberautomotive.com/,200,8,React,JavaScript Framework,medium,14,"dom_marker, html_contains",dom_marker: data-reactroot,
huberautomotive.com,https://www.huberautomotive.com/,200,8,Bootstrap,CSS Framework,medium,7,"dom_marker, script_url",script_url: bootstrap.min.js,
huberautomotive.com,https://www.huberautomotive.com/,200,8,Magento,Ecommerce,high,1,html_contains,html_contains: mage-,
huberautomotive.com,https://www.huberautomotive.com/,200,8,Webpack,Build Tool,medium,1,html_contains,html_contains: webpackChunk,
huberautomotive.com,https://www.huberautomotive.com/,200,8,Akamai,CDN / Security,high,1,header,"header: 9 - 0 pmb=mRUM,2",
huberautomotive.com,https://www.huberautomotive.com/,200,8,New Relic,Monitoring,high,2,html_contains,html_contains: NREUM,
ideenhunger.com,https://www.ideenhunger.com/,200,9,Webflow,CMS,high,1,dom_marker,dom_marker: data-wf-page,
ideenhunger.com,https://www.ideenhunger.com/,200,9,Google Tag Manager,Tag Manager,high,1,html_contains,html_contains: gtm-,
ideenhunger.com,https://www.ideenhunger.com/,200,9,Google Analytics,Analytics,high,3,"html_contains, script_url",script_url: googletagmanager.com/gtag/js,
ideenhunger.com,https://www.ideenhunger.com/,200,9,Meta Pixel,Marketing,high,1,html_contains,html_contains: fbq(,
ideenhunger.com,https://www.ideenhunger.com/,200,9,Hotjar,Analytics,high,1,html_contains,html_contains: hjid,
ideenhunger.com,https://www.ideenhunger.com/,200,9,Cloudflare,CDN / Security,high,3,header,header: cloudflare,
ideenhunger.com,https://www.ideenhunger.com/,200,9,Bootstrap,CSS Framework,medium,9,dom_marker,"dom_marker: class=""container",
ideenhunger.com,https://www.ideenhunger.com/,200,9,Magento,Ecommerce,high,1,html_contains,html_contains: mage-,
ideenhunger.com,https://www.ideenhunger.com/,200,9,Amazon CloudFront,CDN / Security,high,1,script_url,script_url: cloudfront.net,
imgs.co.jp,https://www.imgs.co.jp/index.html,200,3,Google Tag Manager,Tag Manager,high,1,html_contains,html_contains: gtm-,
imgs.co.jp,https://www.imgs.co.jp/index.html,200,3,Google Analytics,Analytics,high,3,"html_contains, script_url",script_url: googletagmanager.com/gtag/js,
imgs.co.jp,https://www.imgs.co.jp/index.html,200,3,jQuery,JavaScript Library,high,1,script_url,script_url: jquery.min.js,
infoaboutnetwork.com,https://infoaboutnetwork.com/,200,2,Cloudflare,CDN / Security,high,3,header,header: cloudflare,
infoaboutnetwork.com,https://infoaboutnetwork.com/,200,2,reCAPTCHA,Security,high,1,script_url,script_url: recaptcha/api.js,
insieme.stanford.edu,https://insieme.stanford.edu/,200,4,Google Analytics,Analytics,high,2,"html_contains, script_url",script_url: googletagmanager.com/gtag/js,
insieme.stanford.edu,https://insieme.stanford.edu/,200,4,jQuery,JavaScript Library,high,1,script_url,script_url: jquery.min.js,
insieme.stanford.edu,https://insieme.stanford.edu/,200,4,Drupal,CMS,high,3,"dom_marker, html_contains, meta_generator",meta_generator: drupal,
insieme.stanford.edu,https://insieme.stanford.edu/,200,4,Magento,Ecommerce,high,1,html_contains,html_contains: mage-,
itsolutions24.pl,https://itsolutions24.pl/,200,3,WordPress,CMS,high,15,"meta_generator, script_url, stylesheet_url",script_url: wp-includes,
itsolutions24.pl,https://itsolutions24.pl/,200,3,jQuery,JavaScript Library,high,2,script_url,script_url: jquery.min.js,
itsolutions24.pl,https://itsolutions24.pl/,200,3,Magento,Ecommerce,high,1,html_contains,html_contains: mage-,
jackwills.com,,,0,,,,0,,,"HTTPConnectionPool(host='jackwills.com', port=80): Read timed out. (read timeout=10)"
jcmobilecigars.com,https://www.jcmobilecigars.com/,404,1,Squarespace,CMS,high,12,"html_contains, script_url, stylesheet_url",script_url: squarespace.com/universal,
jenniferbacksteininteriors.com,https://www.jenniferbacksteininteriors.com/,200,3,Squarespace,CMS,high,16,"html_contains, script_url, stylesheet_url",script_url: squarespace.com/universal,
jenniferbacksteininteriors.com,https://www.jenniferbacksteininteriors.com/,200,3,Bootstrap,CSS Framework,medium,5,dom_marker,"dom_marker: class=""container",
jenniferbacksteininteriors.com,https://www.jenniferbacksteininteriors.com/,200,3,Magento,Ecommerce,high,2,"html_contains, stylesheet_url",stylesheet_url: /static/version,
jobresourcecentre.com,https://jobresourcecentre.com/,200,7,WordPress,CMS,high,80,"meta_generator, script_url, stylesheet_url",script_url: wp-includes,
jobresourcecentre.com,https://jobresourcecentre.com/,200,7,Google Analytics,Analytics,high,2,"html_contains, script_url",script_url: googletagmanager.com/gtag/js,
jobresourcecentre.com,https://jobresourcecentre.com/,200,7,Bootstrap,CSS Framework,medium,4,"dom_marker, script_url",script_url: bootstrap.min.js,
jobresourcecentre.com,https://jobresourcecentre.com/,200,7,jQuery,JavaScript Library,high,4,script_url,script_url: jquery.min.js,
jobresourcecentre.com,https://jobresourcecentre.com/,200,7,reCAPTCHA,Security,high,1,script_url,script_url: google.com/recaptcha,
jobresourcecentre.com,https://jobresourcecentre.com/,200,7,Magento,Ecommerce,high,1,html_contains,html_contains: mage-,
jobresourcecentre.com,https://jobresourcecentre.com/,200,7,Fastly,CDN / Security,high,1,header,header: cache-,
joburgheritage.org.za,https://joburgheritage.org.za/,200,5,WooCommerce,Ecommerce,high,16,"html_contains, script_url, stylesheet_url",script_url: wp-content/plugins/woocommerce,
joburgheritage.org.za,https://joburgheritage.org.za/,200,5,WordPress,CMS,high,61,"meta_generator, script_url, stylesheet_url",script_url: wp-includes,
joburgheritage.org.za,https://joburgheritage.org.za/,200,5,Google Analytics,Analytics,high,2,"html_contains, script_url",script_url: googletagmanager.com/gtag/js,
joburgheritage.org.za,https://joburgheritage.org.za/,200,5,jQuery,JavaScript Library,high,2,script_url,script_url: jquery.min.js,
joburgheritage.org.za,https://joburgheritage.org.za/,200,5,Magento,Ecommerce,high,1,html_contains,html_contains: mage-,
jonesbuickgmc.com,https://lolemea.com/,200,2,Cloudflare,CDN / Security,high,4,"cookie, header",cookie: __cflb,
jonesbuickgmc.com,https://lolemea.com/,200,2,Magento,Ecommerce,high,5,"html_contains, stylesheet_url",stylesheet_url: /static/version,
joseph-herber.business.site,https://joseph-herber.business.site/,404,0,,,,0,,,
juanmunozhomesmart.com,https://www.juanmunozhomesmart.com/,403,0,,,,0,,,
kande-hoikuen.ed.jp,https://kande-hoikuen.ed.jp/,200,1,jQuery,JavaScript Library,high,1,script_url,script_url: jquery.min.js,
katesworldtravel.com,https://katesworldtravel.com/,200,5,WooCommerce,Ecommerce,high,1,html_contains,html_contains: woocommerce,
katesworldtravel.com,https://katesworldtravel.com/,200,5,WordPress,CMS,high,44,"meta_generator, script_url, stylesheet_url",script_url: wp-includes,
katesworldtravel.com,https://katesworldtravel.com/,200,5,Meta Pixel,Marketing,high,1,html_contains,html_contains: fbq(,
katesworldtravel.com,https://katesworldtravel.com/,200,5,jQuery,JavaScript Library,high,2,script_url,script_url: jquery.min.js,
katesworldtravel.com,https://katesworldtravel.com/,200,5,Magento,Ecommerce,high,1,html_contains,html_contains: mage-,
kentpropertyrenovations.co.uk,https://kentpropertyrenovations.co.uk/,200,7,WooCommerce,Ecommerce,high,1,html_contains,html_contains: woocommerce,
kentpropertyrenovations.co.uk,https://kentpropertyrenovations.co.uk/,200,7,WordPress,CMS,high,77,"meta_generator, script_url, stylesheet_url",script_url: wp-content,
kentpropertyrenovations.co.uk,https://kentpropertyrenovations.co.uk/,200,7,Squarespace,CMS,high,1,html_contains,html_contains: squarespace,
kentpropertyrenovations.co.uk,https://kentpropertyrenovations.co.uk/,200,7,HubSpot,Marketing Automation,high,1,html_contains,html_contains: hubspot,
kentpropertyrenovations.co.uk,https://kentpropertyrenovations.co.uk/,200,7,Joomla,CMS,high,1,html_contains,html_contains: joomla,
kentpropertyrenovations.co.uk,https://kentpropertyrenovations.co.uk/,200,7,Magento,Ecommerce,high,1,html_contains,html_contains: mage-,
kentpropertyrenovations.co.uk,https://kentpropertyrenovations.co.uk/,200,7,Laravel,Backend Framework,medium,1,html_contains,html_contains: laravel,
koniczynka.info.pl,https://www.koniczynka.info.pl/,200,5,WooCommerce,Ecommerce,high,27,"html_contains, script_url, stylesheet_url",script_url: wp-content/plugins/woocommerce,
koniczynka.info.pl,https://www.koniczynka.info.pl/,200,5,WordPress,CMS,high,65,"script_url, stylesheet_url",script_url: wp-includes,
koniczynka.info.pl,https://www.koniczynka.info.pl/,200,5,Meta Pixel,Marketing,high,2,html_contains,html_contains: fbq(,
koniczynka.info.pl,https://www.koniczynka.info.pl/,200,5,jQuery,JavaScript Library,high,2,script_url,script_url: jquery.min.js,
koniczynka.info.pl,https://www.koniczynka.info.pl/,200,5,Magento,Ecommerce,high,1,html_contains,html_contains: mage-,
la-residenza-del-principe-rome-it.booked.net,https://la-residenza-del-principe-rome-it.booked.net/,404,1,Cloudflare,CDN / Security,high,3,header,header: cloudflare,
labdemo.com,https://labdemo.com/,200,3,WordPress,CMS,high,4,"script_url, stylesheet_url",script_url: wp-includes,
labdemo.com,https://labdemo.com/,200,3,Bootstrap,CSS Framework,medium,4,dom_marker,"dom_marker: class=""container",
labdemo.com,https://labdemo.com/,200,3,jQuery,JavaScript Library,high,2,script_url,script_url: jquery.min.js,
laplumedelisibilite.fr,https://www.laplumedelisibilite.fr/,200,2,Google Analytics,Analytics,high,2,"html_contains, script_url",script_url: googletagmanager.com/gtag/js,
laplumedelisibilite.fr,https://www.laplumedelisibilite.fr/,200,2,Bootstrap,CSS Framework,medium,1,dom_marker,"dom_marker: class=""container",
largsbaychiropractic.com.au,https://www.largsbaychiropractic.com.au/,200,3,Squarespace,CMS,high,16,"html_contains, script_url, stylesheet_url",script_url: squarespace.com/universal,
largsbaychiropractic.com.au,https://www.largsbaychiropractic.com.au/,200,3,Bootstrap,CSS Framework,medium,14,dom_marker,"dom_marker: class=""container",
largsbaychiropractic.com.au,https://www.largsbaychiropractic.com.au/,200,3,Magento,Ecommerce,high,2,"html_contains, stylesheet_url",stylesheet_url: /static/version,
layer7innovations.ca,https://layer7innovations.ca/,200,3,Cloudflare,CDN / Security,high,3,header,header: cloudflare,
layer7innovations.ca,https://layer7innovations.ca/,200,3,Bootstrap,CSS Framework,medium,7,"dom_marker, script_url, stylesheet_url",script_url: bootstrap.min.js,
layer7innovations.ca,https://layer7innovations.ca/,200,3,jQuery,JavaScript Library,high,1,script_url,script_url: jquery.min.js,
ledestjernenstu.dk,https://ledestjernenstu.dk/,200,6,WooCommerce,Ecommerce,high,1,html_contains,html_contains: woocommerce,
ledestjernenstu.dk,https://ledestjernenstu.dk/,200,6,WordPress,CMS,high,36,"meta_generator, script_url, stylesheet_url",script_url: wp-includes,
ledestjernenstu.dk,https://ledestjernenstu.dk/,200,6,Google Tag Manager,Tag Manager,high,1,html_contains,html_contains: gtm-,
ledestjernenstu.dk,https://ledestjernenstu.dk/,200,6,Bootstrap,CSS Framework,medium,10,"dom_marker, script_url",script_url: bootstrap.min.js,
ledestjernenstu.dk,https://ledestjernenstu.dk/,200,6,jQuery,JavaScript Library,high,2,script_url,script_url: jquery.min.js,
ledestjernenstu.dk,https://ledestjernenstu.dk/,200,6,Magento,Ecommerce,high,1,html_contains,html_contains: mage-,
lets.gr,https://lets.gr/,200,0,,,,0,,,
lighthouseprc.org,https://lighthouseprc.org/,200,5,WordPress,CMS,high,25,"meta_generator, script_url, stylesheet_url",script_url: wp-content,
lighthouseprc.org,https://lighthouseprc.org/,200,5,Google Tag Manager,Tag Manager,high,1,html_contains,html_contains: gtm-,
lighthouseprc.org,https://lighthouseprc.org/,200,5,Google Analytics,Analytics,high,1,html_contains,html_contains: gtag(,
lighthouseprc.org,https://lighthouseprc.org/,200,5,Bootstrap,CSS Framework,medium,6,dom_marker,"dom_marker: class=""container",
lighthouseprc.org,https://lighthouseprc.org/,200,5,Magento,Ecommerce,high,1,html_contains,html_contains: mage-,
littlerockafamily.de,,,0,,,,0,,,"HTTPConnectionPool(host='littlerockafamily.de', port=80): Max retries exceeded with url: / (Caused by NameResolutionError(""HTTPConnection(host='littlerockafamily.de', port=80): Failed to resolve 'littlerockafamily.de' ([Errno 11001] getaddrinfo failed)""))"
loizillon.com,https://www.loizillon.com/,200,2,Google Analytics,Analytics,high,2,"html_contains, script_url",script_url: googletagmanager.com/gtag/js,
loizillon.com,https://www.loizillon.com/,200,2,Bootstrap,CSS Framework,medium,5,dom_marker,"dom_marker: class=""container",
lojatatical.com.br,https://www.lojatatical.com.br/,200,4,Google Analytics,Analytics,high,2,"html_contains, script_url",script_url: googletagmanager.com/gtag/js,
lojatatical.com.br,https://www.lojatatical.com.br/,200,4,Meta Pixel,Marketing,high,2,html_contains,html_contains: fbq(,
lojatatical.com.br,https://www.lojatatical.com.br/,200,4,Bootstrap,CSS Framework,medium,9,dom_marker,"dom_marker: class=""container",
lojatatical.com.br,https://www.lojatatical.com.br/,200,4,Magento,Ecommerce,high,4,"html_contains, script_url",script_url: mage/requirejs,
lorenz-baumarkt.de,https://www.lorenz-baumarkt.de/,200,1,Bootstrap,CSS Framework,medium,6,dom_marker,"dom_marker: class=""container",
lscms.org,https://lscms.org/,200,4,WordPress,CMS,high,54,"meta_generator, script_url, stylesheet_url",script_url: wp-content,
lscms.org,https://lscms.org/,200,4,Bootstrap,CSS Framework,medium,5,"dom_marker, stylesheet_url",stylesheet_url: bootstrap.min.css,
lscms.org,https://lscms.org/,200,4,jQuery,JavaScript Library,high,2,script_url,script_url: jquery.min.js,
lscms.org,https://lscms.org/,200,4,Magento,Ecommerce,high,1,html_contains,html_contains: mage-,
maiquotes.net,,,0,,,,0,,,"HTTPSConnectionPool(host='maiquotes.net', port=443): Max retries exceeded with url: /site/index.php (Caused by SSLError(SSLCertVerificationError(1, ""[SSL: CERTIFICATE_VERIFY_FAILED] certificate verify failed: Hostname mismatch, certificate is not valid for 'maiquotes.net'. (_ssl.c:1032)"")))"
makpharma-eg.com,https://makpharma-eg.com/,200,0,,,,0,,,
maniaupiekszania.pl,https://maniaupiekszania.pl/,403,0,,,,0,,,
marien-apotheke-grefrath-app.de,https://www.marien-apotheke-grefrath-app.de/,200,1,Magento,Ecommerce,high,1,html_contains,html_contains: mage-,
massageforworldpeace.com,https://www.massageforworldpeace.com,200,0,,,,0,,,
mehmetefendimacedonia.com,https://mehmetefendimacedonia.com/,200,1,jQuery,JavaScript Library,high,1,script_url,script_url: jquery.min.js,
miratrade.com.tr,https://miratrade.com.tr/,200,1,Cloudflare,CDN / Security,high,3,header,header: cloudflare,
msc-manching.de,https://msc-manching.de/,200,5,WooCommerce,Ecommerce,high,1,html_contains,html_contains: woocommerce,
msc-manching.de,https://msc-manching.de/,200,5,WordPress,CMS,high,22,"meta_generator, script_url, stylesheet_url",script_url: wp-includes,
msc-manching.de,https://msc-manching.de/,200,5,Bootstrap,CSS Framework,medium,6,"dom_marker, script_url, stylesheet_url",script_url: bootstrap.min.js,
msc-manching.de,https://msc-manching.de/,200,5,jQuery,JavaScript Library,high,2,script_url,script_url: jquery.min.js,
msc-manching.de,https://msc-manching.de/,200,5,Magento,Ecommerce,high,1,html_contains,html_contains: mage-,
mysterion.hr,https://mysterion.hr/,200,8,WooCommerce,Ecommerce,high,1,html_contains,html_contains: woocommerce,
mysterion.hr,https://mysterion.hr/,200,8,WordPress,CMS,high,29,"meta_generator, script_url, stylesheet_url",script_url: wp-includes,
mysterion.hr,https://mysterion.hr/,200,8,Google Analytics,Analytics,high,2,"html_contains, script_url",script_url: googletagmanager.com/gtag/js,
mysterion.hr,https://mysterion.hr/,200,8,Cloudflare,CDN / Security,high,3,header,header: cloudflare,
mysterion.hr,https://mysterion.hr/,200,8,Bootstrap,CSS Framework,medium,6,"dom_marker, script_url",script_url: bootstrap.min.js,
mysterion.hr,https://mysterion.hr/,200,8,jQuery,JavaScript Library,high,2,script_url,script_url: jquery.js,
mysterion.hr,https://mysterion.hr/,200,8,reCAPTCHA,Security,high,1,script_url,script_url: google.com/recaptcha,
mysterion.hr,https://mysterion.hr/,200,8,Magento,Ecommerce,high,1,html_contains,html_contains: mage-,
natedea.co.uk,https://www.natedea.co.uk/,200,8,WooCommerce,Ecommerce,high,1,html_contains,html_contains: woocommerce,
natedea.co.uk,https://www.natedea.co.uk/,200,8,WordPress,CMS,high,100,"script_url, stylesheet_url",script_url: wp-content,
natedea.co.uk,https://www.natedea.co.uk/,200,8,Google Tag Manager,Tag Manager,high,1,html_contains,html_contains: gtm-,
natedea.co.uk,https://www.natedea.co.uk/,200,8,Google Analytics,Analytics,high,1,script_url,script_url: googletagmanager.com/gtag/js,
natedea.co.uk,https://www.natedea.co.uk/,200,8,Cloudflare,CDN / Security,high,3,header,header: cloudflare,
natedea.co.uk,https://www.natedea.co.uk/,200,8,jQuery,JavaScript Library,high,1,script_url,script_url: jquery.min.js,
natedea.co.uk,https://www.natedea.co.uk/,200,8,reCAPTCHA,Security,high,1,script_url,script_url: google.com/recaptcha,
natedea.co.uk,https://www.natedea.co.uk/,200,8,Magento,Ecommerce,high,1,html_contains,html_contains: mage-,
needaphysio.com,https://www.needaphysio.com/,200,6,Wix,CMS,high,6,"header, html_contains, stylesheet_url",stylesheet_url: wixstatic.com,
needaphysio.com,https://www.needaphysio.com/,200,6,React,JavaScript Framework,medium,1,html_contains,html_contains: react-dom,
needaphysio.com,https://www.needaphysio.com/,200,6,Bootstrap,CSS Framework,medium,1,dom_marker,"dom_marker: class=""container",
needaphysio.com,https://www.needaphysio.com/,200,6,Magento,Ecommerce,high,1,html_contains,html_contains: mage-,
needaphysio.com,https://www.needaphysio.com/,200,6,Webpack,Build Tool,medium,1,html_contains,html_contains: webpackJsonp,
needaphysio.com,https://www.needaphysio.com/,200,6,Fastly,CDN / Security,high,1,header,header: cache-,
nevsproductions.com,,,0,,,,0,,,"HTTPSConnectionPool(host='www.nevsproductions.com', port=443): Max retries exceeded with url: / (Caused by SSLError(SSLCertVerificationError(1, ""[SSL: CERTIFICATE_VERIFY_FAILED] certificate verify failed: Hostname mismatch, certificate is not valid for 'www.nevsproductions.com'. (_ssl.c:1032)"")))"
newbeaverborough.org,https://newbeaverborough.org/,200,3,WordPress,CMS,high,64,"script_url, stylesheet_url",script_url: wp-includes,
newbeaverborough.org,https://newbeaverborough.org/,200,3,jQuery,JavaScript Library,high,2,script_url,script_url: jquery.min.js,
newbeaverborough.org,https://newbeaverborough.org/,200,3,Magento,Ecommerce,high,1,html_contains,html_contains: mage-,
nicholsonchiro.com,https://nicholsonchiro.com/,200,7,WooCommerce,Ecommerce,high,1,html_contains,html_contains: woocommerce,
nicholsonchiro.com,https://nicholsonchiro.com/,200,7,WordPress,CMS,high,34,"script_url, stylesheet_url",script_url: wp-content,
nicholsonchiro.com,https://nicholsonchiro.com/,200,7,Google Analytics,Analytics,high,2,"html_contains, script_url",script_url: googletagmanager.com/gtag/js,
nicholsonchiro.com,https://nicholsonchiro.com/,200,7,Bootstrap,CSS Framework,medium,7,dom_marker,"dom_marker: class=""container",
nicholsonchiro.com,https://nicholsonchiro.com/,200,7,jQuery,JavaScript Library,high,2,script_url,script_url: jquery.min.js,
nicholsonchiro.com,https://nicholsonchiro.com/,200,7,reCAPTCHA,Security,high,1,script_url,script_url: google.com/recaptcha,
nicholsonchiro.com,https://nicholsonchiro.com/,200,7,Magento,Ecommerce,high,1,html_contains,html_contains: mage-,
nielsbirk.dk,https://www.karllund.dk/,200,3,Google Tag Manager,Tag Manager,high,1,html_contains,html_contains: gtm-,
nielsbirk.dk,https://www.karllund.dk/,200,3,Google Analytics,Analytics,high,1,html_contains,html_contains: gtag(,
nielsbirk.dk,https://www.karllund.dk/,200,3,Meta Pixel,Marketing,high,2,html_contains,html_contains: fbq(,
northshoremacnut.com,https://www.northshoremacnut.com/,200,6,Wix,CMS,high,6,"header, html_contains, stylesheet_url",stylesheet_url: wixstatic.com,
northshoremacnut.com,https://www.northshoremacnut.com/,200,6,React,JavaScript Framework,medium,1,html_contains,html_contains: react-dom,
northshoremacnut.com,https://www.northshoremacnut.com/,200,6,Bootstrap,CSS Framework,medium,1,dom_marker,"dom_marker: class=""container",
northshoremacnut.com,https://www.northshoremacnut.com/,200,6,Magento,Ecommerce,high,1,html_contains,html_contains: mage-,
northshoremacnut.com,https://www.northshoremacnut.com/,200,6,Webpack,Build Tool,medium,1,html_contains,html_contains: webpackJsonp,
northshoremacnut.com,https://www.northshoremacnut.com/,200,6,Fastly,CDN / Security,high,1,header,header: cache-,
nwmotorinn.com,,,0,,,,0,,,"HTTPConnectionPool(host='nwmotorinn.com', port=80): Max retries exceeded with url: / (Caused by NameResolutionError(""HTTPConnection(host='nwmotorinn.com', port=80): Failed to resolve 'nwmotorinn.com' ([Errno 11001] getaddrinfo failed)""))"
oakwell.vet,https://oakwell.vet/,200,6,WordPress,CMS,high,26,"meta_generator, script_url, stylesheet_url",script_url: wp-includes,
oakwell.vet,https://oakwell.vet/,200,6,Google Tag Manager,Tag Manager,high,1,html_contains,html_contains: gtm-,
oakwell.vet,https://oakwell.vet/,200,6,Google Analytics,Analytics,high,1,html_contains,html_contains: gtag(,
oakwell.vet,https://oakwell.vet/,200,6,Meta Pixel,Marketing,high,1,html_contains,html_contains: fbq(,
oakwell.vet,https://oakwell.vet/,200,6,jQuery,JavaScript Library,high,2,script_url,script_url: jquery.min.js,
oakwell.vet,https://oakwell.vet/,200,6,Magento,Ecommerce,high,1,html_contains,html_contains: mage-,
orifoodsco.com,https://www.orifoodsco.com/,200,3,Squarespace,CMS,high,18,"html_contains, script_url, stylesheet_url",script_url: squarespace.com/universal,
orifoodsco.com,https://www.orifoodsco.com/,200,3,Bootstrap,CSS Framework,medium,4,dom_marker,"dom_marker: class=""container",
orifoodsco.com,https://www.orifoodsco.com/,200,3,Magento,Ecommerce,high,2,"html_contains, stylesheet_url",stylesheet_url: /static/version,
passwordstore.it,https://passwordstore.it/,200,5,WooCommerce,Ecommerce,high,1,html_contains,html_contains: woocommerce,
passwordstore.it,https://passwordstore.it/,200,5,WordPress,CMS,high,17,"meta_generator, script_url, stylesheet_url",script_url: wp-content,
passwordstore.it,https://passwordstore.it/,200,5,Google Tag Manager,Tag Manager,high,1,html_contains,html_contains: gtm-,
passwordstore.it,https://passwordstore.it/,200,5,Google Analytics,Analytics,high,1,html_contains,html_contains: gtag(,
passwordstore.it,https://passwordstore.it/,200,5,Magento,Ecommerce,high,1,html_contains,html_contains: mage-,
pcb-cpb.com,https://www.pcb-cpb.com/,200,6,Wix,CMS,high,3,"header, html_contains",html_contains: wix-code,
pcb-cpb.com,https://www.pcb-cpb.com/,200,6,React,JavaScript Framework,medium,1,html_contains,html_contains: react-dom,
pcb-cpb.com,https://www.pcb-cpb.com/,200,6,Bootstrap,CSS Framework,medium,1,dom_marker,"dom_marker: class=""container",
pcb-cpb.com,https://www.pcb-cpb.com/,200,6,Magento,Ecommerce,high,1,html_contains,html_contains: mage-,
pcb-cpb.com,https://www.pcb-cpb.com/,200,6,Webpack,Build Tool,medium,1,html_contains,html_contains: webpackJsonp,
pcb-cpb.com,https://www.pcb-cpb.com/,200,6,Fastly,CDN / Security,high,1,header,header: cache-,
phucankhanggroup.com,https://phucankhanggroup.com/,200,4,Google Analytics,Analytics,high,4,"html_contains, script_url",script_url: googletagmanager.com/gtag/js,
phucankhanggroup.com,https://phucankhanggroup.com/,200,4,Meta Pixel,Marketing,high,1,script_url,script_url: connect.facebook.net,
phucankhanggroup.com,https://phucankhanggroup.com/,200,4,jQuery,JavaScript Library,high,1,script_url,script_url: jquery.min.js,
phucankhanggroup.com,https://phucankhanggroup.com/,200,4,ASP.NET,Backend Framework,high,2,"cookie, header",cookie: ASP.NET_SessionId,
powercleaning.services,https://powercleaning.services/,200,7,WooCommerce,Ecommerce,high,1,html_contains,html_contains: woocommerce,
powercleaning.services,https://powercleaning.services/,200,7,WordPress,CMS,high,9,"script_url, stylesheet_url",script_url: wp-includes,
powercleaning.services,https://powercleaning.services/,200,7,Google Analytics,Analytics,high,2,"html_contains, script_url",script_url: googletagmanager.com/gtag/js,
powercleaning.services,https://powercleaning.services/,200,7,Bootstrap,CSS Framework,medium,2,dom_marker,"dom_marker: class=""container",
powercleaning.services,https://powercleaning.services/,200,7,jQuery,JavaScript Library,high,1,script_url,script_url: jquery.min.js,
powercleaning.services,https://powercleaning.services/,200,7,reCAPTCHA,Security,high,1,dom_marker,dom_marker: g-recaptcha,
powercleaning.services,https://powercleaning.services/,200,7,Magento,Ecommerce,high,1,html_contains,html_contains: mage-,
premierhomeremodeling.net,https://premierhomeremodeling.net/,200,3,Vercel,Hosting,high,11,script_url,script_url: _next/static,
premierhomeremodeling.net,https://premierhomeremodeling.net/,200,3,Next.js,JavaScript Framework,high,14,"dom_marker, header, script_url",script_url: _next/static,
premierhomeremodeling.net,https://premierhomeremodeling.net/,200,3,Bootstrap,CSS Framework,medium,3,dom_marker,"dom_marker: class=""container",
produkttheater.de,http://produkttheater.de/,200,4,Google Analytics,Analytics,high,2,"html_contains, script_url",script_url: googletagmanager.com/gtag/js,
produkttheater.de,http://produkttheater.de/,200,4,Vue.js,JavaScript Framework,medium,2,dom_marker,dom_marker: data-v-,
produkttheater.de,http://produkttheater.de/,200,4,Bootstrap,CSS Framework,medium,13,dom_marker,"dom_marker: class=""container",
produkttheater.de,http://produkttheater.de/,200,4,reCAPTCHA,Security,high,1,script_url,script_url: google.com/recaptcha,
radxmobile.com,https://www.radxmobile.com/,200,6,Wix,CMS,high,3,"header, html_contains",html_contains: wix-code,
radxmobile.com,https://www.radxmobile.com/,200,6,React,JavaScript Framework,medium,1,html_contains,html_contains: react-dom,
radxmobile.com,https://www.radxmobile.com/,200,6,Bootstrap,CSS Framework,medium,1,dom_marker,"dom_marker: class=""container",
radxmobile.com,https://www.radxmobile.com/,200,6,Magento,Ecommerce,high,1,html_contains,html_contains: mage-,
radxmobile.com,https://www.radxmobile.com/,200,6,Webpack,Build Tool,medium,1,html_contains,html_contains: webpackJsonp,
radxmobile.com,https://www.radxmobile.com/,200,6,Fastly,CDN / Security,high,1,header,header: cache-,
redpants.jp,https://www.redpants.jp/,200,3,Squarespace,CMS,high,16,"html_contains, script_url, stylesheet_url",script_url: squarespace.com/universal,
redpants.jp,https://www.redpants.jp/,200,3,Bootstrap,CSS Framework,medium,16,dom_marker,"dom_marker: class=""container",
redpants.jp,https://www.redpants.jp/,200,3,Magento,Ecommerce,high,2,"html_contains, stylesheet_url",stylesheet_url: /static/version,
resourceservicesolutions.com,https://resourceservicesolutions.com/,200,0,,,,0,,,
restwellstreetmedicalcentre.com.au,https://restwellstreetmedicalcentre.com.au/,200,3,Google Analytics,Analytics,high,4,"html_contains, script_url",script_url: googletagmanager.com/gtag/js,
restwellstreetmedicalcentre.com.au,https://restwellstreetmedicalcentre.com.au/,200,3,Bootstrap,CSS Framework,medium,12,"dom_marker, script_url, stylesheet_url",script_url: bootstrap.min.js,
restwellstreetmedicalcentre.com.au,https://restwellstreetmedicalcentre.com.au/,200,3,jQuery,JavaScript Library,high,1,script_url,script_url: jquery.min.js,
rionecontrastanga.net,https://rionecontrastanga.net/,200,4,WordPress,CMS,high,103,"meta_generator, script_url, stylesheet_url",script_url: wp-content,
rionecontrastanga.net,https://rionecontrastanga.net/,200,4,Bootstrap,CSS Framework,medium,4,dom_marker,"dom_marker: class=""container",
rionecontrastanga.net,https://rionecontrastanga.net/,200,4,jQuery,JavaScript Library,high,3,script_url,script_url: jquery.min.js,
rionecontrastanga.net,https://rionecontrastanga.net/,200,4,Magento,Ecommerce,high,1,html_contains,html_contains: mage-,
rivithead.com,https://www.rivithead.com/,200,1,Matomo,Analytics,high,2,html_contains,html_contains: _paq.push,
roccofortehotels.cn,https://www.roccofortehotels.cn/,403,0,,,,0,,,
rsthealthcare.com,https://rsthealthcare.com/,200,0,,,,0,,,
sdmdjentertainment.com,https://sdmdjentertainment.com/,200,0,,,,0,,,
seringa-safaris.com,https://seringa-safaris.com/,200,5,Google Analytics,Analytics,high,2,"html_contains, script_url",script_url: googletagmanager.com/gtag/js,
seringa-safaris.com,https://seringa-safaris.com/,200,5,Bootstrap,CSS Framework,medium,10,"dom_marker, script_url, stylesheet_url",script_url: bootstrap.min.js,
seringa-safaris.com,https://seringa-safaris.com/,200,5,jQuery,JavaScript Library,high,2,script_url,script_url: jquery.min.js,
seringa-safaris.com,https://seringa-safaris.com/,200,5,Joomla,CMS,high,6,"html_contains, meta_generator, script_url",script_url: /media/jui/js/,
seringa-safaris.com,https://seringa-safaris.com/,200,5,Magento,Ecommerce,high,1,html_contains,html_contains: mage-,
sevecoitalia.com,https://www.sevecoitalia.com,200,2,Google Tag Manager,Tag Manager,high,1,html_contains,html_contains: gtm-,
sevecoitalia.com,https://www.sevecoitalia.com,200,2,ASP.NET,Backend Framework,high,2,header,header: 4.0.30319,
sgsextremaratio.it,https://sgsextremaratio.it/,200,7,Squarespace,CMS,high,1,html_contains,html_contains: squarespace,
sgsextremaratio.it,https://sgsextremaratio.it/,200,7,HubSpot,Marketing Automation,high,1,html_contains,html_contains: hubspot,
sgsextremaratio.it,https://sgsextremaratio.it/,200,7,Vue.js,JavaScript Framework,medium,16,dom_marker,dom_marker: data-v-,
sgsextremaratio.it,https://sgsextremaratio.it/,200,7,Joomla,CMS,high,1,html_contains,html_contains: joomla,
sgsextremaratio.it,https://sgsextremaratio.it/,200,7,Magento,Ecommerce,high,1,html_contains,html_contains: mage-,
sgsextremaratio.it,https://sgsextremaratio.it/,200,7,Nuxt.js,JavaScript Framework,high,21,"html_contains, script_url, stylesheet_url",script_url: _nuxt/,
sgsextremaratio.it,https://sgsextremaratio.it/,200,7,Laravel,Backend Framework,medium,1,html_contains,html_contains: laravel,
shapirolawfirm.com,http://shapirolawfirm.com/,200,4,WordPress,CMS,high,21,"meta_generator, script_url, stylesheet_url",script_url: wp-includes,
shapirolawfirm.com,http://shapirolawfirm.com/,200,4,Bootstrap,CSS Framework,medium,2,dom_marker,"dom_marker: class=""container",
shapirolawfirm.com,http://shapirolawfirm.com/,200,4,jQuery,JavaScript Library,high,2,script_url,script_url: jquery.min.js,
shapirolawfirm.com,http://shapirolawfirm.com/,200,4,Magento,Ecommerce,high,1,html_contains,html_contains: mage-,
sindacatobadanti.it,https://www.sindacatobadanti.it/,503,2,WordPress,CMS,high,8,"script_url, stylesheet_url",script_url: wp-includes,
sindacatobadanti.it,https://www.sindacatobadanti.it/,503,2,jQuery,JavaScript Library,high,2,script_url,script_url: jquery.min.js,
skywardspeech.com.au,https://www.skywardspeech.com.au/,200,3,WordPress,CMS,high,71,"meta_generator, script_url, stylesheet_url",script_url: wp-includes,
skywardspeech.com.au,https://www.skywardspeech.com.au/,200,3,jQuery,JavaScript Library,high,2,script_url,script_url: jquery.min.js,
skywardspeech.com.au,https://www.skywardspeech.com.au/,200,3,Magento,Ecommerce,high,1,html_contains,html_contains: mage-,
skywayrestaurants.net,https://skywayrestaurants.net/,200,4,WooCommerce,Ecommerce,high,1,html_contains,html_contains: woocommerce,
skywayrestaurants.net,https://skywayrestaurants.net/,200,4,WordPress,CMS,high,34,"meta_generator, script_url, stylesheet_url",script_url: wp-includes,
skywayrestaurants.net,https://skywayrestaurants.net/,200,4,jQuery,JavaScript Library,high,2,script_url,script_url: jquery.min.js,
skywayrestaurants.net,https://skywayrestaurants.net/,200,4,Magento,Ecommerce,high,1,html_contains,html_contains: mage-,
solvos.nl,https://www.solvos.nl/,200,5,WordPress,CMS,high,68,"meta_generator, script_url, stylesheet_url",script_url: wp-includes,
solvos.nl,https://www.solvos.nl/,200,5,Google Tag Manager,Tag Manager,high,1,html_contains,html_contains: gtm-,
solvos.nl,https://www.solvos.nl/,200,5,jQuery,JavaScript Library,high,3,script_url,script_url: jquery.min.js,
solvos.nl,https://www.solvos.nl/,200,5,Magento,Ecommerce,high,1,html_contains,html_contains: mage-,
solvos.nl,https://www.solvos.nl/,200,5,AngularJS,JavaScript Framework,medium,1,dom_marker,dom_marker: ng-app,
somalidisablesupport.com,https://somalidisablesupport.com/,200,4,WooCommerce,Ecommerce,high,1,html_contains,html_contains: woocommerce,
somalidisablesupport.com,https://somalidisablesupport.com/,200,4,WordPress,CMS,high,33,"meta_generator, script_url, stylesheet_url",script_url: wp-content,
somalidisablesupport.com,https://somalidisablesupport.com/,200,4,jQuery,JavaScript Library,high,2,script_url,script_url: jquery.min.js,
somalidisablesupport.com,https://somalidisablesupport.com/,200,4,Magento,Ecommerce,high,1,html_contains,html_contains: mage-,
soziale-dreigliederung.de,,,0,,,,0,,,"HTTPSConnectionPool(host='www.soziale-dreigliederung.de', port=443): Max retries exceeded with url: / (Caused by SSLError(SSLCertVerificationError(1, '[SSL: CERTIFICATE_VERIFY_FAILED] certificate verify failed: unable to get local issuer certificate (_ssl.c:1032)')))"
sprucemeadowsmd.com,https://sprucemeadowsmd.com/,200,2,WordPress,CMS,high,14,"script_url, stylesheet_url",script_url: wp-content,
sprucemeadowsmd.com,https://sprucemeadowsmd.com/,200,2,Magento,Ecommerce,high,1,html_contains,html_contains: mage-,
startravelcompany.com,,,0,,,,0,,,"HTTPConnectionPool(host='startravelcompany.com', port=80): Read timed out. (read timeout=10)"
stoperbis.pl,https://stoperbis.pl/,200,1,jQuery,JavaScript Library,high,1,script_url,script_url: jquery.js,
stwannas.com,https://www.stwannas.com/,403,1,Cloudflare,CDN / Security,high,3,"cookie, header",cookie: __cf_bm,
szentkristofudvarhaz.hu,https://szentkristofudvarhaz.hu/,200,3,WordPress,CMS,high,6,"script_url, stylesheet_url",script_url: wp-content,
szentkristofudvarhaz.hu,https://szentkristofudvarhaz.hu/,200,3,jQuery,JavaScript Library,high,1,script_url,script_url: jquery.js,
szentkristofudvarhaz.hu,https://szentkristofudvarhaz.hu/,200,3,Magento,Ecommerce,high,1,html_contains,html_contains: mage-,
tamcconstruction.net,https://tamcconstruction.net/,200,5,WordPress,CMS,high,34,"script_url, stylesheet_url",script_url: wp-includes,
tamcconstruction.net,https://tamcconstruction.net/,200,5,Google Tag Manager,Tag Manager,high,1,html_contains,html_contains: gtm-,
tamcconstruction.net,https://tamcconstruction.net/,200,5,jQuery,JavaScript Library,high,2,script_url,script_url: jquery.min.js,
tamcconstruction.net,https://tamcconstruction.net/,200,5,reCAPTCHA,Security,high,1,script_url,script_url: google.com/recaptcha,
tamcconstruction.net,https://tamcconstruction.net/,200,5,Magento,Ecommerce,high,1,html_contains,html_contains: mage-,
thomasrosenbaum.com,https://www.thomasrosenbaum.com/,200,3,Squarespace,CMS,high,15,"html_contains, script_url, stylesheet_url",script_url: squarespace.com/universal,
thomasrosenbaum.com,https://www.thomasrosenbaum.com/,200,3,Bootstrap,CSS Framework,medium,5,dom_marker,"dom_marker: class=""container",
thomasrosenbaum.com,https://www.thomasrosenbaum.com/,200,3,Magento,Ecommerce,high,2,"html_contains, stylesheet_url",stylesheet_url: /static/version,
trs-energycontrol.de,https://www.trs-energycontrol.de/,200,6,Wix,CMS,high,3,"header, html_contains",html_contains: wix-code,
trs-energycontrol.de,https://www.trs-energycontrol.de/,200,6,React,JavaScript Framework,medium,1,html_contains,html_contains: react-dom,
trs-energycontrol.de,https://www.trs-energycontrol.de/,200,6,Bootstrap,CSS Framework,medium,1,dom_marker,"dom_marker: class=""container",
trs-energycontrol.de,https://www.trs-energycontrol.de/,200,6,Magento,Ecommerce,high,1,html_contains,html_contains: mage-,
trs-energycontrol.de,https://www.trs-energycontrol.de/,200,6,Webpack,Build Tool,medium,1,html_contains,html_contains: webpackJsonp,
trs-energycontrol.de,https://www.trs-energycontrol.de/,200,6,Fastly,CDN / Security,high,1,header,header: cache-,
unitedveterinaryservice.com,https://unitedveterinaryservice.com/,200,4,WooCommerce,Ecommerce,high,1,html_contains,html_contains: woocommerce,
unitedveterinaryservice.com,https://unitedveterinaryservice.com/,200,4,WordPress,CMS,high,33,"meta_generator, script_url, stylesheet_url",script_url: wp-includes,
unitedveterinaryservice.com,https://unitedveterinaryservice.com/,200,4,jQuery,JavaScript Library,high,2,script_url,script_url: jquery.min.js,
unitedveterinaryservice.com,https://unitedveterinaryservice.com/,200,4,Magento,Ecommerce,high,1,html_contains,html_contains: mage-,
unnames.com,https://unnames.com/,200,3,Shopify,Ecommerce,high,9,"cookie, html_contains, script_url",script_url: cdn.shopify.com,
unnames.com,https://unnames.com/,200,3,Cloudflare,CDN / Security,high,3,header,header: cloudflare,
unnames.com,https://unnames.com/,200,3,Magento,Ecommerce,high,1,html_contains,html_contains: mage-,
velvety.eu,https://www.velvety-cosmetics.com/,200,6,WordPress,CMS,high,32,"script_url, stylesheet_url",script_url: wp-content,
velvety.eu,https://www.velvety-cosmetics.com/,200,6,Google Tag Manager,Tag Manager,high,1,html_contains,html_contains: gtm-,
velvety.eu,https://www.velvety-cosmetics.com/,200,6,Bootstrap,CSS Framework,medium,1,dom_marker,"dom_marker: class=""container",
velvety.eu,https://www.velvety-cosmetics.com/,200,6,jQuery,JavaScript Library,high,2,script_url,script_url: jquery.min.js,
velvety.eu,https://www.velvety-cosmetics.com/,200,6,reCAPTCHA,Security,high,1,script_url,script_url: google.com/recaptcha,
velvety.eu,https://www.velvety-cosmetics.com/,200,6,Magento,Ecommerce,high,1,html_contains,html_contains: mage-,
verticalcommunitychurch.com,,,0,,,,0,,,"HTTPConnectionPool(host='verticalcommunitychurch.com', port=80): Max retries exceeded with url: / (Caused by NameResolutionError(""HTTPConnection(host='verticalcommunitychurch.com', port=80): Failed to resolve 'verticalcommunitychurch.com' ([Errno 11001] getaddrinfo failed)""))"
weducars.co.za,https://weducars.co.za/,200,6,WooCommerce,Ecommerce,high,14,"html_contains, script_url, stylesheet_url",script_url: wp-content/plugins/woocommerce,
weducars.co.za,https://weducars.co.za/,200,6,WordPress,CMS,high,73,"meta_generator, script_url, stylesheet_url",script_url: wp-includes,
weducars.co.za,https://weducars.co.za/,200,6,Google Analytics,Analytics,high,3,"html_contains, script_url",script_url: googletagmanager.com/gtag/js,
weducars.co.za,https://weducars.co.za/,200,6,Bootstrap,CSS Framework,medium,4,dom_marker,"dom_marker: class=""container",
weducars.co.za,https://weducars.co.za/,200,6,jQuery,JavaScript Library,high,2,script_url,script_url: jquery.min.js,
weducars.co.za,https://weducars.co.za/,200,6,Magento,Ecommerce,high,1,html_contains,html_contains: mage-,
weissbauchpapageien.de,https://p2-1.afp24.net/true1.php?id=weis44j4dh3o49xk&sv=1,200,1,Cloudflare,CDN / Security,high,3,header,header: cloudflare,
westchesterpointechiro.com,https://www.westchesterpointechiro.com/,200,3,Google Analytics,Analytics,high,2,"html_contains, script_url",script_url: googletagmanager.com/gtag/js,
westchesterpointechiro.com,https://www.westchesterpointechiro.com/,200,3,jQuery,JavaScript Library,high,2,script_url,script_url: jquery.min.js,
westchesterpointechiro.com,https://www.westchesterpointechiro.com/,200,3,Matomo,Analytics,high,2,html_contains,html_contains: _paq.push,
wglchurch.com,,,0,,,,0,,,"HTTPConnectionPool(host='wglchurch.com', port=80): Max retries exceeded with url: / (Caused by NameResolutionError(""HTTPConnection(host='wglchurch.com', port=80): Failed to resolve 'wglchurch.com' ([Errno 11001] getaddrinfo failed)""))"
wrinkle-pei.cz,http://wrinkle-pei.cz/,200,0,,,,0,,,
xn--jobvrkstedet-9cb.nu,https://xn--jobvrkstedet-9cb.nu/,200,3,WordPress,CMS,high,20,"meta_generator, script_url, stylesheet_url",script_url: wp-includes,
xn--jobvrkstedet-9cb.nu,https://xn--jobvrkstedet-9cb.nu/,200,3,Bootstrap,CSS Framework,medium,8,"dom_marker, script_url",script_url: bootstrap.min.js,
xn--jobvrkstedet-9cb.nu,https://xn--jobvrkstedet-9cb.nu/,200,3,jQuery,JavaScript Library,high,2,script_url,script_url: jquery.js,
xn--kleoghvidevareservice-qfc.dk,https://xn--kleoghvidevareservice-qfc.dk/,200,3,WordPress,CMS,high,10,"script_url, stylesheet_url",script_url: wp-includes,
xn--kleoghvidevareservice-qfc.dk,https://xn--kleoghvidevareservice-qfc.dk/,200,3,jQuery,JavaScript Library,high,1,script_url,script_url: jquery.js,
xn--kleoghvidevareservice-qfc.dk,https://xn--kleoghvidevareservice-qfc.dk/,200,3,Magento,Ecommerce,high,1,html_contains,html_contains: mage-,
yourfamilylines.com,http://yourfamilylines.com/,200,1,jQuery,JavaScript Library,high,1,script_url,script_url: jquery.js,
